,Date,Latitude,Longitude,Time difference
3,2019-12-03 09:48:08+00:00,51.517431,-0.082458,61518.0
4,2019-12-04 02:53:26+00:00,51.516814,-0.08162,1351.0
5,2019-12-04 03:15:57+00:00,51.513114,-0.086272,12022.0
6,2019-12-04 06:36:19+00:00,51.51806,-0.110683,21659.0
7,2019-12-04 12:37:18+00:00,51.51768,-0.078484,63350.0
10,2019-12-05 06:13:08+00:00,51.516814,-0.08162,160307.0
11,2019-12-07 02:44:55+00:00,51.517032,-0.089451,1104.0
12,2019-12-07 03:03:19+00:00,51.517032,-0.089451,17037.0
13,2019-12-07 07:47:16+00:00,51.513132,-0.09071,188246.0
15,2019-12-09 12:04:42+00:00,51.515075,-0.077513,85461.0
19,2019-12-10 11:49:03+00:00,51.513051,-0.104001,168489.0
20,2019-12-12 10:37:12+00:00,51.516814,-0.08162,68013.0
21,2019-12-13 05:30:45+00:00,51.514276,-0.087549,75510.0
22,2019-12-14 02:29:15+00:00,51.514151,-0.074958,10329.0
23,2019-12-14 05:21:24+00:00,51.516814,-0.08162,83065.0
24,2019-12-15 04:25:49+00:00,51.517058,-0.083296,95228.0
27,2019-12-16 06:52:57+00:00,51.516814,-0.08162,68579.0
28,2019-12-17 01:55:56+00:00,51.51104,-0.113726,9885.0
29,2019-12-17 04:40:41+00:00,51.516508,-0.079398,507.0
30,2019-12-17 04:49:08+00:00,51.516508,-0.079398,9355.0
31,2019-12-17 07:25:03+00:00,51.517588,-0.076686,85667.0
33,2019-12-18 07:12:50+00:00,51.525017,-0.035504,1399.0
34,2019-12-18 07:36:09+00:00,51.512598,-0.084967,1816.0
35,2019-12-18 08:06:25+00:00,51.525017,-0.035504,6862.0
38,2019-12-18 10:00:47+00:00,51.516814,-0.08162,178.0
39,2019-12-18 10:03:45+00:00,51.512147,-0.092077,62452.0
40,2019-12-19 03:24:37+00:00,51.508066,-0.08778,19329.0
41,2019-12-19 08:46:46+00:00,51.509848,-0.104494,1808.0
42,2019-12-19 09:16:54+00:00,51.517576,-0.079786,0.0
43,2019-12-19 09:16:54+00:00,51.516814,-0.08162,4594.0
44,2019-12-19 10:33:28+00:00,51.516894,-0.076067,75324.0
46,2019-12-20 07:28:52+00:00,51.515075,-0.077513,8312.0
47,2019-12-20 09:47:24+00:00,51.51265,-0.101452,6947.0
48,2019-12-20 11:43:11+00:00,51.51265,-0.101452,2716.0
49,2019-12-20 12:28:27+00:00,51.508066,-0.08778,49576.0
53,2019-12-21 02:14:43+00:00,51.514457,-0.073849,9045.0
54,2019-12-21 04:45:28+00:00,51.512682,-0.084618,0.0
55,2019-12-21 04:45:28+00:00,51.512598,-0.084967,44.0
56,2019-12-21 04:46:12+00:00,51.517032,-0.089451,20651.0
57,2019-12-21 10:30:23+00:00,51.51265,-0.101452,76235.0
58,2019-12-22 07:40:58+00:00,51.512598,-0.084967,0.0
59,2019-12-22 07:40:58+00:00,51.512598,-0.084967,71604.0
60,2019-12-23 03:34:22+00:00,51.51265,-0.101452,102.0
61,2019-12-23 03:36:04+00:00,51.51265,-0.101452,17653.0
62,2019-12-23 08:30:17+00:00,51.513915,-0.07318,3770.0
63,2019-12-23 09:33:07+00:00,51.513915,-0.07318,7099.0
64,2019-12-23 11:31:26+00:00,51.516351,-0.082965,160712.0
65,2019-12-25 08:09:58+00:00,51.515606,-0.094094,179490.0
67,2019-12-27 10:01:28+00:00,51.528493,-0.091394,55.0
68,2019-12-27 10:02:23+00:00,51.528493,-0.091394,90987.0
69,2019-12-28 11:18:50+00:00,51.512856,-0.073254,57071.0
71,2019-12-29 03:10:01+00:00,51.512856,-0.073254,31743.0
75,2019-12-29 11:59:04+00:00,51.518262,-0.088203,245612.0
80,2020-01-01 08:12:36+00:00,51.517577,-0.098062,1651.0
81,2020-01-01 08:40:07+00:00,51.513885,-0.102741,62829.0
82,2020-01-02 02:07:16+00:00,51.516814,-0.08162,20076.0
83,2020-01-02 07:41:52+00:00,51.51265,-0.101452,64037.0
85,2020-01-03 01:29:09+00:00,51.513389,-0.080034,9372.0
86,2020-01-03 04:05:21+00:00,51.516966,-0.1059,1886.0
87,2020-01-03 04:36:47+00:00,51.513268,-0.100202,79059.0
88,2020-01-04 02:34:26+00:00,51.508066,-0.08778,175667.0
92,2020-01-06 03:22:13+00:00,51.514858,0.004717,89684.0
97,2020-01-07 04:16:57+00:00,51.517184,-0.076747,181681.0
99,2020-01-09 06:44:58+00:00,51.51768,-0.078484,170039.0
101,2020-01-11 05:58:57+00:00,51.516351,-0.082965,5640.0
102,2020-01-11 07:32:57+00:00,51.516351,-0.082965,13002.0
103,2020-01-11 11:09:39+00:00,51.516351,-0.082965,3496.0
104,2020-01-11 12:07:55+00:00,51.514461,-0.092268,80830.0
106,2020-01-12 10:35:05+00:00,51.509848,-0.104494,56324.0
107,2020-01-13 02:13:49+00:00,51.513377,-0.096363,84410.0
109,2020-01-14 01:40:39+00:00,51.515739,-0.100632,18742.0
111,2020-01-14 06:53:01+00:00,51.516814,-0.08162,88687.0
112,2020-01-15 07:31:08+00:00,51.514151,-0.074958,80722.0
113,2020-01-16 05:56:30+00:00,51.517058,-0.083296,82701.0
116,2020-01-17 04:54:51+00:00,51.513171,-0.077694,7300.0
117,2020-01-17 06:56:31+00:00,51.522003,-0.117684,7030.0
118,2020-01-17 08:53:41+00:00,51.516834,-0.076199,2216.0
119,2020-01-17 09:30:37+00:00,51.515196,-0.071772,153329.0
121,2020-01-19 04:06:06+00:00,51.517576,-0.079786,185788.0
126,2020-01-21 07:42:34+00:00,51.513389,-0.080034,94588.0
128,2020-01-22 09:59:02+00:00,51.517184,-0.076747,4549.0
129,2020-01-22 11:14:51+00:00,51.516814,-0.08162,52700.0
130,2020-01-23 01:53:11+00:00,51.516814,-0.08162,2755.0
131,2020-01-23 02:39:06+00:00,51.51265,-0.101452,3379.0
132,2020-01-23 03:35:25+00:00,51.51265,-0.101452,22364.0
135,2020-01-23 09:48:09+00:00,51.52029,-0.078591,66799.0
136,2020-01-24 04:21:28+00:00,51.509547,-0.076031,6792.0
137,2020-01-24 06:14:40+00:00,51.508066,-0.08778,84808.0
139,2020-01-25 05:48:08+00:00,51.510651,-0.080322,13220.0
141,2020-01-25 09:28:28+00:00,51.51265,-0.101452,6797.0
142,2020-01-25 11:21:45+00:00,51.514151,-0.074958,66990.0
143,2020-01-26 05:58:15+00:00,51.511625,-0.081549,24677.0
144,2020-01-26 12:49:32+00:00,51.516886,-0.090985,53781.0
145,2020-01-27 03:45:53+00:00,51.51905,-0.076437,170999.0
151,2020-01-29 03:15:52+00:00,51.516814,-0.08162,85868.0
152,2020-01-30 03:07:00+00:00,51.513194,-0.092321,7188.0
153,2020-01-30 05:06:48+00:00,51.508066,-0.08778,163429.0
156,2020-02-01 02:30:37+00:00,51.516006,-0.080573,96574.0
160,2020-02-02 05:20:11+00:00,51.515606,-0.094094,4059.0
161,2020-02-02 06:27:50+00:00,51.516497,-0.094115,72315.0
162,2020-02-03 02:33:05+00:00,51.510913,-0.101395,88066.0
163,2020-02-04 03:00:51+00:00,51.516814,-0.08162,717.0
164,2020-02-04 03:12:48+00:00,51.516814,-0.08162,3033.0
165,2020-02-04 04:03:21+00:00,51.516508,-0.079398,265933.0
173,2020-02-07 05:55:34+00:00,51.518864,-0.097562,81593.0
176,2020-02-08 04:35:27+00:00,51.518226,-0.111497,14787.0
177,2020-02-08 08:41:54+00:00,51.516508,-0.079398,345413.0
181,2020-02-12 08:38:47+00:00,51.516508,-0.079398,323474.0
184,2020-02-16 02:30:01+00:00,51.516497,-0.094115,266963.0
185,2020-02-19 04:39:24+00:00,51.51265,-0.101452,9286.0
186,2020-02-19 07:14:10+00:00,51.51265,-0.101452,71982.0
189,2020-02-20 03:13:52+00:00,51.51265,-0.101452,27752.0
190,2020-02-20 10:56:24+00:00,51.511749,-0.108018,412328.0
197,2020-02-25 05:28:32+00:00,51.504439,-0.090915,91050.0
200,2020-02-26 06:46:02+00:00,51.517032,-0.089451,9397.0
202,2020-02-26 09:22:39+00:00,51.55269,-0.109594,11927.0
203,2020-02-26 12:41:26+00:00,51.513171,-0.077694,248836.0
208,2020-02-29 09:48:42+00:00,51.509848,-0.104494,1124.0
209,2020-02-29 10:07:26+00:00,51.509848,-0.104494,9903.0
210,2020-02-29 12:52:29+00:00,51.518864,-0.097562,93.0
211,2020-02-29 12:54:02+00:00,51.505103,-0.099677,226531.0
214,2020-03-03 03:49:33+00:00,51.513952,-0.085833,90011.0
215,2020-03-04 04:49:44+00:00,51.514151,-0.074958,18.0
216,2020-03-04 04:50:02+00:00,51.516814,-0.08162,9888.0
217,2020-03-04 07:34:50+00:00,51.51121,-0.094206,156203.0
218,2020-03-06 02:58:13+00:00,51.516814,-0.08162,28762.0
219,2020-03-06 10:57:35+00:00,51.512147,-0.092077,88582.0
221,2020-03-07 11:33:57+00:00,51.517149,-0.08776,146523.0
222,2020-03-09 04:16:00+00:00,51.511625,-0.081549,113179.0
225,2020-03-10 11:42:19+00:00,51.509775,-0.085014,135515.0
228,2020-03-12 01:20:54+00:00,51.508066,-0.08778,97857.0
230,2020-03-13 04:31:51+00:00,51.516147,-0.082066,11400.0
231,2020-03-13 07:41:51+00:00,51.514203,-0.094628,12277.0
233,2020-03-13 11:06:28+00:00,51.516966,-0.1059,59451.0
234,2020-03-14 03:37:19+00:00,51.514461,-0.092268,88890.0
235,2020-03-15 04:18:49+00:00,51.511916,-0.076853,697202.0
244,2020-03-23 05:58:51+00:00,51.512147,-0.092077,267795.0
247,2020-03-26 08:22:06+00:00,51.511122,-0.087666,5110.0
249,2020-03-26 09:47:16+00:00,51.509848,-0.104494,6756.0
250,2020-03-26 11:39:52+00:00,51.517728,-0.10238,499.0
251,2020-03-26 11:48:11+00:00,51.512147,-0.092077,63660.0
252,2020-03-27 05:29:11+00:00,51.516867,-0.022004,501906.0
256,2020-04-02 00:54:17+00:00,51.516351,-0.082965,116909.0
257,2020-04-03 09:22:46+00:00,51.515546,-0.070056,6022.0
258,2020-04-03 11:03:08+00:00,51.516047,-0.075411,345009.0
262,2020-04-07 10:53:17+00:00,51.51962,-0.088766,229150.0
263,2020-04-10 02:32:27+00:00,51.522615,-0.077253,31683.0
264,2020-04-10 11:20:30+00:00,51.509848,-0.104494,233016.0
267,2020-04-13 04:04:06+00:00,51.518864,-0.097562,271699.0
271,2020-04-16 07:32:25+00:00,51.583366,-0.072178,3061.0
272,2020-04-16 08:23:26+00:00,51.589418,-0.076556,86033.0
274,2020-04-17 08:17:19+00:00,51.506895,-0.058634,160620.0
276,2020-04-19 04:54:19+00:00,51.509027,-0.06304,440919.0
283,2020-04-24 07:22:58+00:00,51.516814,-0.08162,11533.0
284,2020-04-24 10:35:11+00:00,51.51768,-0.078484,141951.0
285,2020-04-26 02:01:02+00:00,51.51265,-0.076044,256247.0
289,2020-04-29 01:11:49+00:00,51.516966,-0.1059,439.0
290,2020-04-29 01:19:08+00:00,51.516966,-0.1059,256937.0
291,2020-05-02 00:41:25+00:00,51.512147,-0.092077,349302.0
293,2020-05-06 01:43:07+00:00,51.51265,-0.101452,36869.0
294,2020-05-06 11:57:36+00:00,51.51265,-0.101452,54283.0
295,2020-05-07 03:02:19+00:00,51.508181,-0.019397,252451.0
299,2020-05-10 01:09:50+00:00,51.518231,-0.112939,54.0
300,2020-05-10 01:10:44+00:00,51.518231,-0.112939,164.0
301,2020-05-10 01:13:28+00:00,51.518231,-0.112939,121230.0
306,2020-05-11 10:53:58+00:00,51.515728,-0.078393,136571.0
309,2020-05-13 00:50:09+00:00,51.506255,-0.074901,2125.0
310,2020-05-13 01:25:34+00:00,51.506255,-0.074901,37040.0
311,2020-05-13 11:42:54+00:00,51.511711,-0.07421,252901.0
313,2020-05-16 09:57:55+00:00,51.513952,-0.085833,235259.0
315,2020-05-19 03:18:54+00:00,51.515484,-0.088233,22672.0
316,2020-05-19 09:36:46+00:00,51.540568,0.002083,54557.0
318,2020-05-20 00:46:03+00:00,51.513928,-0.108231,31.0
319,2020-05-20 00:46:34+00:00,51.513928,-0.108231,408.0
320,2020-05-20 00:53:22+00:00,51.51121,-0.094206,12424.0
321,2020-05-20 04:20:26+00:00,51.592365,-0.082452,76151.0
322,2020-05-21 01:29:37+00:00,51.517032,-0.089451,284459.0
326,2020-05-24 08:30:36+00:00,51.516351,-0.082965,70940.0
328,2020-05-25 04:12:56+00:00,51.512147,-0.092077,73128.0
329,2020-05-26 00:31:44+00:00,51.512791,-0.101274,365233.0
330,2020-05-30 05:58:57+00:00,51.506338,-0.088227,98.0
331,2020-05-30 06:00:35+00:00,51.506338,-0.088227,248780.0
332,2020-06-02 03:06:55+00:00,51.506255,-0.074901,12864.0
333,2020-06-02 06:41:19+00:00,51.514513,-0.096561,72074.0
334,2020-06-03 02:42:33+00:00,51.510913,-0.101395,2256.0
335,2020-06-03 03:20:09+00:00,51.510913,-0.101395,18979.0
336,2020-06-03 08:36:28+00:00,51.517032,-0.089451,8470.0
337,2020-06-03 10:57:38+00:00,51.517032,-0.089451,88271.0
338,2020-06-04 11:28:49+00:00,51.51768,-0.078484,55856.0
339,2020-06-05 02:59:45+00:00,51.513051,-0.104001,181.0
340,2020-06-05 03:02:46+00:00,51.513051,-0.104001,424022.0
342,2020-06-10 00:49:48+00:00,51.51972,-0.099933,27021.0
343,2020-06-10 08:20:09+00:00,51.516351,-0.082965,69387.0
344,2020-06-11 03:36:36+00:00,51.506255,-0.074901,816.0
345,2020-06-11 03:50:12+00:00,51.506255,-0.074901,77271.0
347,2020-06-12 01:18:03+00:00,51.5169,-0.084095,10756.0
348,2020-06-12 04:17:19+00:00,51.5169,-0.084095,173121.0
349,2020-06-14 04:22:40+00:00,51.515504,-0.07627,10604.0
350,2020-06-14 07:19:24+00:00,51.512598,-0.084967,63505.0
351,2020-06-15 00:57:49+00:00,51.509547,-0.076031,784.0
352,2020-06-15 01:10:53+00:00,51.509547,-0.076031,179746.0
355,2020-06-17 03:06:39+00:00,51.517032,-0.089451,94502.0
356,2020-06-18 05:21:41+00:00,51.514203,-0.094628,4409.0
357,2020-06-18 06:35:10+00:00,51.515196,-0.071772,9434.0
358,2020-06-18 09:12:24+00:00,51.51992,-0.056696,71653.0
359,2020-06-19 05:06:37+00:00,51.516894,-0.076067,108802.0
362,2020-06-20 11:19:59+00:00,51.513114,-0.086272,56903.0
363,2020-06-21 03:08:22+00:00,51.515033,-0.07825,7636.0
365,2020-06-21 05:15:38+00:00,51.518799,-0.077601,19158.0
366,2020-06-21 10:34:56+00:00,51.506255,-0.074901,54055.0
367,2020-06-22 01:35:51+00:00,51.51121,-0.094206,7394.0
368,2020-06-22 03:39:05+00:00,51.51142,-0.097699,1938.0
369,2020-06-22 04:11:23+00:00,51.51142,-0.097699,10146.0
370,2020-06-22 07:00:29+00:00,51.516814,-0.08162,10252.0
371,2020-06-22 09:51:21+00:00,51.516814,-0.08162,69733.0
374,2020-06-23 05:13:34+00:00,51.51768,-0.078484,155382.0
377,2020-06-25 00:23:16+00:00,51.516347,-0.104887,115144.0
378,2020-06-26 08:22:20+00:00,51.514151,-0.074958,413265.0
388,2020-07-01 03:10:05+00:00,51.512117,-0.102411,0.0
389,2020-07-01 03:10:05+00:00,51.512117,-0.102411,388.0
390,2020-07-01 03:16:33+00:00,51.512117,-0.102411,0.0
391,2020-07-01 03:16:33+00:00,51.512117,-0.102411,173515.0
392,2020-07-03 03:28:28+00:00,51.518864,-0.097562,0.0
393,2020-07-03 03:28:28+00:00,51.518864,-0.097562,95753.0
396,2020-07-04 06:04:21+00:00,51.514151,-0.074958,0.0
397,2020-07-04 06:04:21+00:00,51.514151,-0.074958,17422.0
398,2020-07-04 10:54:43+00:00,51.522233,-0.107382,0.0
399,2020-07-04 10:54:43+00:00,51.522233,-0.107382,52126.0
402,2020-07-05 01:23:29+00:00,51.515504,-0.07627,0.0
403,2020-07-05 01:23:29+00:00,51.515504,-0.07627,2108.0
408,2020-07-05 01:58:37+00:00,51.515504,-0.07627,0.0
409,2020-07-05 01:58:37+00:00,51.515504,-0.07627,30750.0
410,2020-07-05 10:31:07+00:00,51.514457,-0.073849,0.0
411,2020-07-05 10:31:07+00:00,51.514457,-0.073849,329977.0
416,2020-07-09 06:10:44+00:00,51.521667,-0.067145,0.0
417,2020-07-09 06:10:44+00:00,51.521667,-0.067145,7017.0
418,2020-07-09 08:07:41+00:00,51.513928,-0.108231,0.0
419,2020-07-09 08:07:41+00:00,51.513928,-0.108231,6750.0
420,2020-07-09 10:00:11+00:00,51.515307,-0.097277,0.0
421,2020-07-09 10:00:11+00:00,51.515307,-0.097277,5170.0
422,2020-07-09 11:26:21+00:00,51.515142,-0.097645,0.0
423,2020-07-09 11:26:21+00:00,51.515142,-0.097645,58860.0
426,2020-07-10 03:47:21+00:00,51.51121,-0.094206,0.0
427,2020-07-10 03:47:21+00:00,51.51121,-0.094206,81538.0
430,2020-07-11 02:26:19+00:00,51.516814,-0.08162,0.0
431,2020-07-11 02:26:19+00:00,51.516814,-0.08162,176867.0
434,2020-07-13 03:34:06+00:00,51.51768,-0.078484,0.0
435,2020-07-13 03:34:06+00:00,51.51768,-0.078484,494.0
436,2020-07-13 03:42:20+00:00,51.508587,-0.078924,0.0
437,2020-07-13 03:42:20+00:00,51.508587,-0.078924,3613.0
438,2020-07-13 04:42:33+00:00,51.508587,-0.078924,0.0
439,2020-07-13 04:42:33+00:00,51.508587,-0.078924,22058.0
440,2020-07-13 10:50:11+00:00,51.516508,-0.079398,0.0
441,2020-07-13 10:50:11+00:00,51.516508,-0.079398,56109.0
444,2020-07-14 02:25:20+00:00,51.513952,-0.085833,0.0
445,2020-07-14 02:25:20+00:00,51.513952,-0.085833,27191.0
446,2020-07-14 09:58:31+00:00,51.511386,-0.092296,0.0
447,2020-07-14 09:58:31+00:00,51.511386,-0.092296,81135.0
450,2020-07-15 08:30:46+00:00,51.514753,-0.082571,0.0
451,2020-07-15 08:30:46+00:00,51.514753,-0.082571,67231.0
454,2020-07-16 03:11:17+00:00,51.518462,-0.093845,0.0
455,2020-07-16 03:11:17+00:00,51.518462,-0.093845,4281.0
456,2020-07-16 04:22:38+00:00,51.513377,-0.096363,0.0
457,2020-07-16 04:22:38+00:00,51.513377,-0.096363,358171.0
464,2020-07-20 07:52:09+00:00,51.513377,-0.096363,0.0
465,2020-07-20 07:52:09+00:00,51.513377,-0.096363,58837.0
468,2020-07-21 00:12:46+00:00,51.520846,-0.100593,0.0
469,2020-07-21 00:12:46+00:00,51.520846,-0.100593,1571.0
470,2020-07-21 00:38:57+00:00,51.519312,-0.103597,0.0
471,2020-07-21 00:38:57+00:00,51.519312,-0.103597,5160.0
472,2020-07-21 02:04:57+00:00,51.519312,-0.103597,0.0
473,2020-07-21 02:04:57+00:00,51.519312,-0.103597,5621.0
474,2020-07-21 03:38:38+00:00,51.509848,-0.104494,0.0
475,2020-07-21 03:38:38+00:00,51.509848,-0.104494,10402.0
476,2020-07-21 06:32:00+00:00,51.511053,-0.075722,0.0
477,2020-07-21 06:32:00+00:00,51.511053,-0.075722,72581.0
480,2020-07-22 02:41:41+00:00,51.506255,-0.074901,0.0
481,2020-07-22 02:41:41+00:00,51.506255,-0.074901,8315.0
482,2020-07-22 05:00:16+00:00,51.516814,-0.08162,0.0
483,2020-07-22 05:00:16+00:00,51.516814,-0.08162,109576.0
490,2020-07-23 11:26:32+00:00,51.521038,-0.078718,0.0
491,2020-07-23 11:26:32+00:00,51.521038,-0.078718,46054.0
492,2020-07-24 00:14:06+00:00,51.517231,-0.079613,0.0
493,2020-07-24 00:14:06+00:00,51.517231,-0.079613,1898.0
494,2020-07-24 00:45:44+00:00,51.517196,-0.085149,0.0
495,2020-07-24 00:45:44+00:00,51.517196,-0.085149,2277.0
496,2020-07-24 01:23:41+00:00,51.518511,-0.08531,0.0
497,2020-07-24 01:23:41+00:00,51.518511,-0.08531,1049.0
498,2020-07-24 01:41:10+00:00,51.517231,-0.079613,0.0
499,2020-07-24 01:41:10+00:00,51.517231,-0.079613,85812.0
502,2020-07-25 01:31:22+00:00,51.516814,-0.08162,0.0
503,2020-07-25 01:31:22+00:00,51.516814,-0.08162,745.0
504,2020-07-25 01:43:47+00:00,51.516814,-0.08162,0.0
505,2020-07-25 01:43:47+00:00,51.516814,-0.08162,6275.0
506,2020-07-25 03:28:22+00:00,51.516814,-0.08162,0.0
507,2020-07-25 03:28:22+00:00,51.516814,-0.08162,14026.0
514,2020-07-25 07:22:08+00:00,51.518262,-0.097053,0.0
515,2020-07-25 07:22:08+00:00,51.518262,-0.097053,153552.0
516,2020-07-27 02:01:20+00:00,51.512888,-0.094482,0.0
517,2020-07-27 02:01:20+00:00,51.512888,-0.094482,100730.0
520,2020-07-28 06:00:10+00:00,51.512027,-0.082527,0.0
521,2020-07-28 06:00:10+00:00,51.512027,-0.082527,6810.0
522,2020-07-28 07:53:40+00:00,51.512027,-0.082527,0.0
523,2020-07-28 07:53:40+00:00,51.512027,-0.082527,60684.0
524,2020-07-29 00:45:04+00:00,51.52331,-0.098342,0.0
525,2020-07-29 00:45:04+00:00,51.52331,-0.098342,19170.0
526,2020-07-29 06:04:34+00:00,51.516814,-0.08162,0.0
527,2020-07-29 06:04:34+00:00,51.516814,-0.08162,75309.0
528,2020-07-30 02:59:43+00:00,51.513769,-0.076833,0.0
529,2020-07-30 02:59:43+00:00,51.513769,-0.076833,21152.0
530,2020-07-30 08:52:15+00:00,51.51539,-0.070437,0.0
531,2020-07-30 08:52:15+00:00,51.51539,-0.070437,66929.0
532,2020-07-31 03:27:44+00:00,51.517032,-0.089451,0.0
533,2020-07-31 03:27:44+00:00,51.517032,-0.089451,5683.0
534,2020-07-31 05:02:27+00:00,51.51768,-0.078484,0.0
535,2020-07-31 05:02:27+00:00,51.51768,-0.078484,11701.0
536,2020-07-31 08:17:28+00:00,51.52051,-0.08158,0.0
537,2020-07-31 08:17:28+00:00,51.52051,-0.08158,2623.0
538,2020-07-31 09:01:11+00:00,51.504764,-0.113192,0.0
539,2020-07-31 09:01:11+00:00,51.504764,-0.113192,241355.0
540,2020-08-03 04:03:46+00:00,51.521038,-0.078718,73162.0
542,2020-08-04 00:23:08+00:00,51.509532,-0.088843,374.0
543,2020-08-04 00:29:22+00:00,51.509532,-0.088843,107226.0
544,2020-08-05 06:16:28+00:00,51.518864,-0.097562,79090.0
546,2020-08-06 04:14:38+00:00,51.513447,-0.093493,162209.0
549,2020-08-08 01:18:07+00:00,51.51792,-0.092628,26854.0
550,2020-08-08 08:45:41+00:00,51.513389,-0.080034,61850.0
552,2020-08-09 01:56:31+00:00,51.510868,-0.0969,919.0
553,2020-08-09 02:11:50+00:00,51.512387,-0.082512,3604.0
554,2020-08-09 03:11:54+00:00,51.512387,-0.082512,170528.0
557,2020-08-11 02:34:02+00:00,51.514457,-0.073849,79931.0
559,2020-08-12 00:46:13+00:00,51.509848,-0.104494,5665.0
561,2020-08-12 02:20:38+00:00,51.516351,-0.082965,86141.0
564,2020-08-13 02:16:19+00:00,51.516347,-0.104887,84378.0
567,2020-08-14 01:42:37+00:00,51.508066,-0.08778,84740.0
568,2020-08-15 01:14:57+00:00,51.516767,-0.098572,83819.0
569,2020-08-16 00:31:56+00:00,51.519703,-0.101649,101556.0
574,2020-08-17 04:44:32+00:00,51.525017,-0.035504,97196.0
576,2020-08-18 07:44:28+00:00,51.510014,-0.081516,10093.0
577,2020-08-18 10:32:41+00:00,51.511923,-0.086624,90756.0
580,2020-08-19 11:45:17+00:00,51.51768,-0.078484,53976.0
581,2020-08-20 02:44:53+00:00,51.509848,-0.104494,85289.0
582,2020-08-21 02:26:22+00:00,51.516814,-0.08162,726.0
583,2020-08-21 02:38:28+00:00,51.52029,-0.078591,545373.0
591,2020-08-27 10:08:01+00:00,51.513389,-0.080034,83957.0
593,2020-08-28 09:27:18+00:00,51.51768,-0.078484,3784.0
594,2020-08-28 10:30:22+00:00,51.51104,-0.113726,63136.0
595,2020-08-29 04:02:38+00:00,51.516351,-0.082965,9903.0
596,2020-08-29 06:47:41+00:00,51.516347,-0.104887,158261.0
597,2020-08-31 02:45:22+00:00,51.509848,-0.104494,3381.0
599,2020-08-31 03:41:43+00:00,51.516814,-0.08162,26641.0
604,2020-08-31 11:05:44+00:00,51.509848,-0.104494,74270.0
605,2020-09-01 07:43:34+00:00,51.519812,-0.093933,3051.0
606,2020-09-01 08:34:25+00:00,51.517149,-0.08776,316771.0
609,2020-09-05 00:33:56+00:00,51.512108,-0.097973,88360.0
611,2020-09-06 01:06:36+00:00,51.509757,-0.083386,24770.0
612,2020-09-06 07:59:26+00:00,51.516814,-0.08162,186703.0
615,2020-09-08 11:51:09+00:00,51.516497,-0.094115,62944.0
616,2020-09-09 05:20:13+00:00,51.516814,-0.08162,76311.0
617,2020-09-10 02:32:04+00:00,51.518864,-0.097562,90417.0
618,2020-09-11 03:39:01+00:00,51.515033,-0.07825,77725.0
619,2020-09-12 01:14:26+00:00,51.517058,-0.083296,18555.0
621,2020-09-12 06:23:41+00:00,51.511133,-0.096659,2628.0
622,2020-09-12 07:07:29+00:00,51.517058,-0.083296,66161.0
623,2020-09-13 01:30:10+00:00,51.509547,-0.076031,2219.0
624,2020-09-13 02:07:09+00:00,51.509547,-0.076031,3470.0
625,2020-09-13 03:04:59+00:00,51.51768,-0.078484,19115.0
626,2020-09-13 08:23:34+00:00,51.510795,-0.077578,92985.0
627,2020-09-14 10:13:19+00:00,51.516814,-0.08162,69687.0
628,2020-09-15 05:34:46+00:00,51.517231,-0.079613,67688.0
629,2020-09-16 00:22:54+00:00,51.517058,-0.083296,107353.0
631,2020-09-17 06:12:07+00:00,51.517431,-0.082458,2583.0
632,2020-09-17 06:55:10+00:00,51.517032,-0.089451,8600.0
633,2020-09-17 09:18:30+00:00,51.506255,-0.074901,55694.0
635,2020-09-18 00:46:44+00:00,51.517196,-0.085149,15295.0
636,2020-09-18 05:01:39+00:00,51.511916,-0.076853,1946.0
638,2020-09-18 05:34:05+00:00,51.511916,-0.076853,10123.0
639,2020-09-18 08:22:48+00:00,51.513389,-0.080034,234924.0
640,2020-09-21 01:38:12+00:00,51.516508,-0.079398,12737.0
641,2020-09-21 05:10:29+00:00,51.517032,-0.089451,7191.0
642,2020-09-21 07:10:20+00:00,51.509313,-0.07385,73363.0
643,2020-09-22 03:33:03+00:00,51.511749,-0.108018,163691.0
646,2020-09-24 01:01:14+00:00,51.515728,-0.078393,17878.0
648,2020-09-24 05:59:12+00:00,51.515728,-0.078393,239017.0
650,2020-09-27 00:22:49+00:00,51.516006,-0.080573,88744.0
651,2020-09-28 01:01:53+00:00,51.516347,-0.104887,18692.0
652,2020-09-28 06:13:25+00:00,51.513171,-0.077694,2554.0
653,2020-09-28 06:55:59+00:00,51.510828,-0.086166,67724.0
654,2020-09-29 01:44:43+00:00,51.516767,-0.098572,3957.0
655,2020-09-29 02:50:40+00:00,51.516814,-0.08162,107732.0
657,2020-09-30 08:46:12+00:00,51.513389,-0.080034,4223.0
658,2020-09-30 09:56:35+00:00,51.513389,-0.080034,164324.0
660,2020-10-02 07:35:19+00:00,51.512598,-0.084967,4344.0
661,2020-10-02 08:47:43+00:00,51.510795,-0.077578,56734.0
663,2020-10-03 00:33:17+00:00,51.512678,-0.079444,22835.0
664,2020-10-03 06:53:52+00:00,51.516347,-0.104887,5194.0
666,2020-10-03 08:20:26+00:00,51.51265,-0.101452,77458.0
667,2020-10-04 05:51:24+00:00,51.516814,-0.08162,1267.0
668,2020-10-04 06:12:31+00:00,51.516814,-0.08162,252499.0
670,2020-10-07 04:20:50+00:00,51.514203,-0.094628,103511.0
673,2020-10-08 09:06:01+00:00,51.516347,-0.104887,4752.0
674,2020-10-08 10:25:13+00:00,51.517231,-0.079613,57448.0
678,2020-10-09 02:22:41+00:00,51.506255,-0.074901,19091.0
679,2020-10-09 07:40:52+00:00,51.511812,-0.089698,59115.0
681,2020-10-10 00:06:07+00:00,51.509313,-0.07385,4166.0
682,2020-10-10 01:15:33+00:00,51.506255,-0.074901,13621.0
683,2020-10-10 05:02:34+00:00,51.506255,-0.074901,2709.0
684,2020-10-10 05:47:43+00:00,51.506255,-0.074901,252201.0
685,2020-10-13 03:51:04+00:00,51.514457,-0.073849,4354.0
686,2020-10-13 05:03:38+00:00,51.512952,-0.096814,50.0
687,2020-10-13 05:04:28+00:00,51.512952,-0.096814,3509.0
688,2020-10-13 06:02:57+00:00,51.513885,-0.102741,11678.0
689,2020-10-13 09:17:35+00:00,51.516814,-0.08162,81507.0
690,2020-10-14 07:56:02+00:00,51.515033,-0.07825,65130.0
691,2020-10-15 02:01:32+00:00,51.523156,-0.09721,661.0
692,2020-10-15 02:12:33+00:00,51.523156,-0.09721,85430.0
695,2020-10-16 01:56:23+00:00,51.518046,-0.077777,24194.0
696,2020-10-16 08:39:37+00:00,51.516814,-0.08162,1160.0
697,2020-10-16 08:58:57+00:00,51.516347,-0.104887,228278.0
698,2020-10-19 00:23:35+00:00,51.518709,-0.101345,771.0
699,2020-10-19 00:36:26+00:00,51.506255,-0.074901,203659.0
702,2020-10-21 09:10:45+00:00,51.516814,-0.08162,71086.0
706,2020-10-22 04:55:31+00:00,51.509848,-0.104494,21464.0
708,2020-10-22 10:53:15+00:00,51.509757,-0.083386,58919.0
709,2020-10-23 03:15:14+00:00,51.516047,-0.075411,352.0
710,2020-10-23 03:21:06+00:00,51.516047,-0.075411,268747.0
714,2020-10-26 06:00:13+00:00,51.51265,-0.101452,22378.0
716,2020-10-26 12:13:11+00:00,51.517431,-0.082458,311659.0
718,2020-10-30 02:47:30+00:00,51.518511,-0.08531,983.0
719,2020-10-30 03:03:53+00:00,51.518511,-0.08531,20073.0
721,2020-10-30 08:38:26+00:00,51.517431,-0.082458,5945.0
722,2020-10-30 10:17:31+00:00,51.517431,-0.082458,1164.0
723,2020-10-30 10:36:55+00:00,51.518189,-0.082628,205.0
724,2020-10-30 10:40:20+00:00,51.518619,-0.088621,5716.0
726,2020-10-30 12:15:36+00:00,51.510626,-0.039135,75782.0
727,2020-10-31 09:18:38+00:00,51.518189,-0.082628,240970.0
729,2020-11-03 04:14:48+00:00,51.50932,-0.084701,20784.0
730,2020-11-03 10:01:12+00:00,51.513171,-0.077694,144323.0
732,2020-11-05 02:06:35+00:00,51.51868,-0.085173,13478.0
734,2020-11-05 05:51:13+00:00,51.516351,-0.082965,16006.0
735,2020-11-05 10:17:59+00:00,51.517149,-0.08776,65783.0
736,2020-11-06 04:34:22+00:00,51.510182,-0.092865,19972.0
738,2020-11-06 10:07:14+00:00,51.51768,-0.078484,1753.0
739,2020-11-06 10:36:27+00:00,51.51265,-0.101452,7217.0
741,2020-11-06 12:36:44+00:00,51.510182,-0.092865,227377.0
745,2020-11-09 03:46:21+00:00,51.510182,-0.092865,189730.0
749,2020-11-11 08:28:31+00:00,51.517431,-0.082458,71020.0
750,2020-11-12 04:12:11+00:00,51.51713,-0.107147,2065.0
751,2020-11-12 04:46:36+00:00,51.525044,-0.094392,95576.0
753,2020-11-13 07:19:32+00:00,51.518189,-0.082628,2879.0
754,2020-11-13 08:07:31+00:00,51.51792,-0.092628,84724.0
755,2020-11-14 07:39:35+00:00,51.51862,-0.094747,270990.0
758,2020-11-17 10:56:05+00:00,51.51118,-0.073065,65746.0
759,2020-11-18 05:11:51+00:00,51.509848,-0.104494,7675.0
760,2020-11-18 07:19:46+00:00,51.516834,-0.076199,3879.0
761,2020-11-18 08:24:25+00:00,51.508971,-0.078779,172081.0
764,2020-11-20 08:12:26+00:00,51.510148,-0.077029,4170.0
765,2020-11-20 09:21:56+00:00,51.512147,-0.092077,5902.0
766,2020-11-20 11:00:18+00:00,51.51868,-0.085173,176615.0
767,2020-11-22 12:03:53+00:00,51.5169,-0.084095,2088.0
768,2020-11-22 12:38:41+00:00,51.520206,-0.097736,48038.0
769,2020-11-23 01:59:19+00:00,51.511445,-0.07608,10948.0
770,2020-11-23 05:01:47+00:00,51.512462,-0.076095,3049.0
771,2020-11-23 05:52:36+00:00,51.525851,-0.055882,82047.0
773,2020-11-24 04:40:03+00:00,51.509532,-0.088843,78552.0
774,2020-11-25 02:29:15+00:00,51.509876,-0.086278,8407.0
775,2020-11-25 04:49:22+00:00,51.546265,-0.071727,23238.0
776,2020-11-25 11:16:40+00:00,51.528493,-0.091394,60513.0
777,2020-11-26 04:05:13+00:00,51.512856,-0.073254,1209.0
778,2020-11-26 04:25:22+00:00,51.512856,-0.073254,21320.0
780,2020-11-26 10:20:42+00:00,51.513377,-0.096363,4963.0
781,2020-11-26 11:43:25+00:00,51.513377,-0.096363,62867.0
782,2020-11-27 05:11:12+00:00,51.516814,-0.08162,27248.0
783,2020-11-27 12:45:20+00:00,51.513377,-0.096363,49482.0
784,2020-11-28 02:30:02+00:00,51.506255,-0.074901,398.0
785,2020-11-28 02:36:40+00:00,51.506255,-0.074901,15266.0
786,2020-11-28 06:51:06+00:00,51.516814,-0.08162,10030.0
787,2020-11-28 09:38:16+00:00,51.517058,-0.083296,8007.0
788,2020-11-28 11:51:43+00:00,51.517149,-0.08776,3221.0
789,2020-11-28 12:45:24+00:00,51.506255,-0.074901,53858.0
790,2020-11-29 03:43:02+00:00,51.508066,-0.08778,88763.0
792,2020-11-30 04:22:25+00:00,51.514804,-0.080782,337.0
793,2020-11-30 04:28:02+00:00,51.509547,-0.076031,4001.0
794,2020-11-30 05:34:43+00:00,51.516934,-0.073543,160.0
795,2020-11-30 05:37:23+00:00,51.516934,-0.073543,167.0
796,2020-11-30 05:40:10+00:00,51.516934,-0.073543,140.0
797,2020-11-30 05:42:30+00:00,51.516934,-0.073543,10491.0
798,2020-11-30 08:37:21+00:00,51.511053,-0.075722,145778.0
799,2020-12-02 01:06:59+00:00,51.534382,-0.057321,18199.0
800,2020-12-02 06:10:18+00:00,51.517149,-0.08776,9905.0
801,2020-12-02 08:55:23+00:00,51.52051,-0.08158,90799.0
802,2020-12-03 10:08:42+00:00,51.510004,-0.07323,144426.0
803,2020-12-05 02:15:48+00:00,51.515728,-0.078393,19256.0
805,2020-12-05 07:36:44+00:00,51.513606,-0.083959,1326.0
806,2020-12-05 07:58:50+00:00,51.522615,-0.077253,6571.0
807,2020-12-05 09:48:21+00:00,51.522615,-0.077253,72482.0
809,2020-12-06 05:56:23+00:00,51.522615,-0.077253,92337.0
810,2020-12-07 07:35:20+00:00,51.51265,-0.101452,3582.0
811,2020-12-07 08:35:02+00:00,51.514158,-0.100179,1739.0
812,2020-12-07 09:04:01+00:00,51.514158,-0.100179,100288.0
813,2020-12-08 12:55:29+00:00,51.506255,-0.074901,49771.0
814,2020-12-09 02:45:00+00:00,51.506255,-0.074901,10374.0
815,2020-12-09 05:37:54+00:00,51.50993,-0.068161,8465.0
816,2020-12-09 07:58:59+00:00,51.507339,-0.108388,328.0
817,2020-12-09 08:04:27+00:00,51.513114,-0.086272,101123.0
819,2020-12-10 12:09:50+00:00,51.517431,-0.082458,86151.0
821,2020-12-11 12:05:41+00:00,51.509775,-0.085014,52592.0
822,2020-12-12 02:42:13+00:00,51.513377,-0.096363,30487.0
823,2020-12-12 11:10:20+00:00,51.517032,-0.089451,148186.0
825,2020-12-14 04:20:06+00:00,51.515196,-0.071772,85282.0
826,2020-12-15 04:01:28+00:00,51.512391,-0.093796,81964.0
827,2020-12-16 02:47:32+00:00,51.52181,-0.097929,25837.0
828,2020-12-16 09:58:09+00:00,51.517032,-0.089451,161548.0
829,2020-12-18 06:50:37+00:00,51.50932,-0.084701,88633.0
831,2020-12-19 07:27:50+00:00,51.511445,-0.07608,261632.0
833,2020-12-22 08:08:22+00:00,51.521567,-0.097334,435340.0
835,2020-12-27 09:04:02+00:00,51.514501,-0.089716,13461.0
836,2020-12-27 12:48:23+00:00,51.511053,-0.075722,254865.0
837,2020-12-30 11:36:08+00:00,51.513171,-0.077694,53394.0
838,2020-12-31 02:26:02+00:00,51.509532,-0.088843,35420.0
839,2020-12-31 12:16:22+00:00,51.513171,-0.077694,484.0
840,2020-12-31 12:24:26+00:00,51.509532,-0.088843,1491.0
841,2020-12-31 12:49:17+00:00,51.513171,-0.077694,46331.0
842,2021-01-01 01:41:28+00:00,51.51768,-0.078484,18807.0
843,2021-01-01 06:54:55+00:00,51.510868,-0.0969,19233.0
844,2021-01-01 12:15:28+00:00,51.513928,-0.108231,141305.0
845,2021-01-03 03:30:33+00:00,51.514151,-0.074958,523482.0
847,2021-01-09 04:55:15+00:00,51.51768,-0.078484,26173.0
849,2021-01-09 12:11:28+00:00,51.51768,-0.078484,47261.0
850,2021-01-10 01:19:09+00:00,51.51768,-0.078484,8435.0
851,2021-01-10 03:39:44+00:00,51.511749,-0.108018,26945.0
852,2021-01-10 11:08:49+00:00,51.516508,-0.079398,73922.0
853,2021-01-11 07:40:51+00:00,51.517032,-0.089451,2471.0
854,2021-01-11 08:22:02+00:00,51.517149,-0.08776,429563.0
857,2021-01-16 07:41:25+00:00,51.510004,-0.07323,67130.0
858,2021-01-17 02:20:15+00:00,51.516814,-0.08162,23283.0
860,2021-01-17 08:48:18+00:00,51.516814,-0.08162,768764.0
864,2021-01-26 06:21:02+00:00,51.527648,-0.118676,94177.0
866,2021-01-27 08:30:39+00:00,51.509344,-0.080665,731.0
867,2021-01-27 08:42:50+00:00,51.509344,-0.080665,77163.0
868,2021-01-28 06:08:53+00:00,51.510315,-0.053373,621.0
869,2021-01-28 06:19:14+00:00,51.510315,-0.053373,156126.0
872,2021-01-30 01:41:20+00:00,51.516814,-0.08162,281241.0
874,2021-02-02 07:48:41+00:00,51.510182,-0.092865,2805.0
875,2021-02-02 08:35:26+00:00,51.51121,-0.094206,162737.0
876,2021-02-04 05:47:43+00:00,51.510182,-0.092865,81203.0
879,2021-02-05 04:21:06+00:00,51.518511,-0.08531,18162.0
880,2021-02-05 09:23:48+00:00,51.509532,-0.088843,265166.0
882,2021-02-08 11:03:14+00:00,51.520699,-0.097601,760623.0
884,2021-02-17 06:20:17+00:00,51.510868,-0.0969,81955.0
886,2021-02-18 05:06:12+00:00,51.506255,-0.074901,10998.0
887,2021-02-18 08:09:30+00:00,51.516078,-0.08498,783.0
888,2021-02-18 08:22:33+00:00,51.516078,-0.08498,2103.0
889,2021-02-18 08:57:36+00:00,51.516078,-0.08498,2125.0
890,2021-02-18 09:33:01+00:00,51.516078,-0.08498,362.0
891,2021-02-18 09:39:03+00:00,51.516078,-0.08498,11036.0
892,2021-02-18 12:42:59+00:00,51.510671,-0.084284,71268.0
893,2021-02-19 08:30:47+00:00,51.517032,-0.089451,6860.0
894,2021-02-19 10:25:07+00:00,51.517032,-0.089451,154916.0
895,2021-02-21 05:27:03+00:00,51.516814,-0.08162,91353.0
896,2021-02-22 06:49:36+00:00,51.51862,-0.094747,194.0
897,2021-02-22 06:52:50+00:00,51.51862,-0.094747,75244.0
898,2021-02-23 03:46:54+00:00,51.517032,-0.089451,6547.0
899,2021-02-23 05:36:01+00:00,51.516814,-0.08162,17578.0
900,2021-02-23 10:28:59+00:00,51.510786,-0.068816,230154.0
902,2021-02-26 02:24:53+00:00,51.509848,-0.104494,2356.0
903,2021-02-26 03:04:09+00:00,51.522734,-0.102748,19104.0
904,2021-02-26 08:22:33+00:00,51.509848,-0.104494,78755.0
905,2021-02-27 06:15:08+00:00,51.506255,-0.074901,3124.0
906,2021-02-27 07:07:12+00:00,51.508066,-0.08778,68877.0
907,2021-02-28 02:15:09+00:00,51.525655,-0.090517,5263.0
908,2021-02-28 03:42:52+00:00,51.511224,-0.074115,84533.0
911,2021-03-01 03:11:45+00:00,51.525655,-0.090517,85550.0
913,2021-03-02 02:57:35+00:00,51.512882,-0.084768,21964.0
914,2021-03-02 09:03:39+00:00,51.513627,-0.076435,165265.0
916,2021-03-04 06:58:04+00:00,51.512462,-0.076095,518.0
917,2021-03-04 07:06:42+00:00,51.512462,-0.076095,3169.0
918,2021-03-04 07:59:31+00:00,51.513051,-0.104001,2980.0
919,2021-03-04 08:49:11+00:00,51.512462,-0.076095,12964.0
920,2021-03-04 12:25:15+00:00,51.517938,-0.098148,57811.0
921,2021-03-05 04:28:46+00:00,51.514409,-0.079674,19185.0
923,2021-03-05 09:48:31+00:00,51.517032,-0.089451,59042.0
924,2021-03-06 02:12:33+00:00,51.514457,-0.073849,36227.0
925,2021-03-06 12:16:20+00:00,51.516814,-0.08162,145817.0
926,2021-03-08 04:46:37+00:00,51.517032,-0.089451,8809.0
927,2021-03-08 07:13:26+00:00,51.517032,-0.089451,10740.0
928,2021-03-08 10:12:26+00:00,51.507808,-0.07913,419.0
929,2021-03-08 10:19:25+00:00,51.507808,-0.07913,709.0
930,2021-03-08 10:31:14+00:00,51.507808,-0.07913,163115.0
933,2021-03-10 07:49:49+00:00,51.510014,-0.081516,596.0
934,2021-03-10 07:59:45+00:00,51.510014,-0.081516,15355.0
935,2021-03-10 12:15:40+00:00,51.515037,-0.102794,146392.0
938,2021-03-12 04:55:32+00:00,51.510671,-0.084284,27574.0
940,2021-03-12 12:35:06+00:00,51.513885,-0.102741,48799.0
941,2021-03-13 02:08:25+00:00,51.511053,-0.075722,36836.0
943,2021-03-13 12:22:21+00:00,51.51992,-0.056696,173697.0
944,2021-03-15 12:37:18+00:00,51.518262,-0.088203,71350.0
945,2021-03-16 08:26:28+00:00,51.516966,-0.1059,74858.0
946,2021-03-17 05:14:06+00:00,51.516191,-0.086416,77956.0
947,2021-03-18 02:53:22+00:00,51.508066,-0.08778,30597.0
948,2021-03-18 11:23:19+00:00,51.5151,-0.085669,53041.0
949,2021-03-19 02:07:20+00:00,51.52181,-0.097929,84858.0
951,2021-03-20 01:41:38+00:00,51.510182,-0.092865,2203.0
952,2021-03-20 02:18:21+00:00,51.510182,-0.092865,87541.0
953,2021-03-21 02:37:22+00:00,51.506255,-0.074901,514.0
954,2021-03-21 02:45:56+00:00,51.506255,-0.074901,14212.0
956,2021-03-21 06:42:48+00:00,51.509876,-0.086278,68762.0
957,2021-03-22 01:48:50+00:00,51.518262,-0.088203,1428.0
958,2021-03-22 02:12:38+00:00,51.506255,-0.074901,23663.0
959,2021-03-22 08:47:01+00:00,51.512791,-0.101274,470.0
960,2021-03-22 08:54:51+00:00,51.512791,-0.101274,75589.0
961,2021-03-23 05:54:40+00:00,51.509848,-0.104494,88060.0
962,2021-03-24 06:22:20+00:00,51.517032,-0.089451,3303.0
963,2021-03-24 07:17:23+00:00,51.517032,-0.089451,2517.0
964,2021-03-24 07:59:20+00:00,51.515606,-0.094094,1014.0
965,2021-03-24 08:16:14+00:00,51.505458,-0.114389,162004.0
969,2021-03-26 05:16:18+00:00,51.511828,-0.080244,10202.0
970,2021-03-26 08:06:20+00:00,51.516814,-0.08162,65398.0
971,2021-03-27 02:16:18+00:00,51.515739,-0.100632,11433.0
972,2021-03-27 05:26:51+00:00,51.50932,-0.084701,13024.0
973,2021-03-27 09:03:55+00:00,51.513569,-0.086051,60461.0
974,2021-03-28 01:51:36+00:00,51.511053,-0.075722,84.0
975,2021-03-28 01:53:00+00:00,51.525655,-0.090517,3733.0
976,2021-03-28 02:55:13+00:00,51.506255,-0.074901,16035.0
977,2021-03-28 07:22:28+00:00,51.51768,-0.078484,1249.0
978,2021-03-28 07:43:17+00:00,51.514933,-0.074896,66702.0
979,2021-03-29 02:14:59+00:00,51.506255,-0.074901,99742.0
984,2021-03-30 05:57:21+00:00,51.509614,-0.079011,14455.0
986,2021-03-30 09:58:16+00:00,51.514921,-0.103419,5835.0
987,2021-03-30 11:35:31+00:00,51.516165,-0.102502,68585.0
989,2021-03-31 06:38:36+00:00,51.50932,-0.084701,1973.0
990,2021-03-31 07:11:29+00:00,51.516351,-0.082965,14550.0
991,2021-03-31 11:13:59+00:00,51.513377,-0.096363,1709.0
992,2021-03-31 11:42:28+00:00,51.510148,-0.077029,488046.0
997,2021-04-06 03:16:34+00:00,51.518226,-0.111497,19536.0
998,2021-04-06 08:42:10+00:00,51.517032,-0.089451,62401.0
1000,2021-04-07 02:02:11+00:00,51.513377,-0.096363,16055.0
1001,2021-04-07 06:29:46+00:00,51.516078,-0.08498,8274.0
1002,2021-04-07 08:47:40+00:00,51.50932,-0.084701,57088.0
1004,2021-04-08 00:39:08+00:00,51.506255,-0.074901,354.0
1005,2021-04-08 00:45:02+00:00,51.506255,-0.074901,1475.0
1006,2021-04-08 01:09:37+00:00,51.506255,-0.074901,6846.0
1007,2021-04-08 03:03:43+00:00,51.506255,-0.074901,767.0
1008,2021-04-08 03:16:30+00:00,51.506255,-0.074901,2777.0
1009,2021-04-08 04:02:47+00:00,51.516078,-0.08498,72000.0
1011,2021-04-09 00:02:47+00:00,51.516047,-0.075411,3717.0
1012,2021-04-09 01:04:44+00:00,51.51768,-0.078484,31752.0
1014,2021-04-09 09:53:56+00:00,51.518864,-0.097562,166561.0
1015,2021-04-11 08:09:57+00:00,51.513171,-0.077694,58270.0
1016,2021-04-12 00:21:07+00:00,51.507808,-0.07913,87239.0
1017,2021-04-13 00:35:06+00:00,51.512462,-0.076095,5179.0
1018,2021-04-13 02:01:25+00:00,51.516922,-0.092093,25930.0
1019,2021-04-13 09:13:35+00:00,51.512856,-0.073254,3787.0
1020,2021-04-13 10:16:42+00:00,51.523977,-0.075841,4513.0
1021,2021-04-13 11:31:55+00:00,51.516814,-0.08162,968.0
1022,2021-04-13 11:48:03+00:00,51.516814,-0.08162,47606.0
1023,2021-04-14 01:01:29+00:00,51.515546,-0.070056,22420.0
1024,2021-04-14 07:15:09+00:00,51.511625,-0.081549,70140.0
1025,2021-04-15 02:44:09+00:00,51.517032,-0.092723,16077.0
1026,2021-04-15 07:12:06+00:00,51.504245,-0.07624,73832.0
1027,2021-04-16 03:42:38+00:00,51.513952,-0.085833,102863.0
1030,2021-04-17 08:17:01+00:00,51.503468,-0.095292,11163.0
1031,2021-04-17 11:23:04+00:00,51.518864,-0.097562,1877.0
1033,2021-04-17 11:54:21+00:00,51.516814,-0.08162,49245.0
1034,2021-04-18 01:35:06+00:00,51.511053,-0.075722,5725.0
1035,2021-04-18 03:10:31+00:00,51.523637,-0.076532,31416.0
1036,2021-04-18 11:54:07+00:00,51.512206,-0.073152,149129.0
1037,2021-04-20 05:19:36+00:00,51.512856,-0.073254,928.0
1038,2021-04-20 05:35:04+00:00,51.51265,-0.101452,5358.0
1039,2021-04-20 07:04:22+00:00,51.51265,-0.101452,1342.0
1040,2021-04-20 07:26:44+00:00,51.503468,-0.095292,75204.0
1041,2021-04-21 04:20:08+00:00,51.514203,-0.094628,13848.0
1042,2021-04-21 08:10:56+00:00,51.511749,-0.108018,71437.0
1043,2021-04-22 04:01:33+00:00,51.514151,-0.074958,599.0
1044,2021-04-22 04:11:32+00:00,51.510795,-0.077578,766.0
1045,2021-04-22 04:24:18+00:00,51.510795,-0.077578,1121.0
1046,2021-04-22 04:42:59+00:00,51.50995,-0.078665,13632.0
1047,2021-04-22 08:30:11+00:00,51.514151,-0.074958,56448.0
1048,2021-04-23 00:10:59+00:00,51.519635,-0.097962,100916.0
1050,2021-04-24 04:12:55+00:00,51.518098,-0.116966,520.0
1051,2021-04-24 04:21:35+00:00,51.518098,-0.116966,86422.0
1052,2021-04-25 04:21:57+00:00,51.514203,-0.094628,603.0
1053,2021-04-25 04:32:00+00:00,51.514203,-0.094628,170530.0
1054,2021-04-27 03:54:10+00:00,51.508066,-0.08778,174.0
1055,2021-04-27 03:57:04+00:00,51.508066,-0.08778,520.0
1056,2021-04-27 04:05:44+00:00,51.508066,-0.08778,235.0
1057,2021-04-27 04:09:39+00:00,51.508066,-0.08778,146.0
1058,2021-04-27 04:12:05+00:00,51.508066,-0.08778,3496.0
1059,2021-04-27 05:10:21+00:00,51.514203,-0.094628,99152.0
1060,2021-04-28 08:42:53+00:00,51.509757,-0.083386,149892.0
1061,2021-04-30 02:21:05+00:00,51.537541,-0.061815,24433.0
1062,2021-04-30 09:08:18+00:00,51.517032,-0.089451,71040.0
1063,2021-05-01 04:52:18+00:00,51.514158,-0.100179,4461.0
1064,2021-05-01 06:06:39+00:00,51.512462,-0.076095,344929.0
1066,2021-05-05 05:55:28+00:00,51.510961,-0.10269,67207.0
1068,2021-05-06 00:35:35+00:00,51.509757,-0.083386,935.0
1069,2021-05-06 00:51:10+00:00,51.511053,-0.075722,259019.0
1070,2021-05-09 00:48:09+00:00,51.51265,-0.101452,421.0
1071,2021-05-09 00:55:10+00:00,51.51265,-0.101452,192936.0
1075,2021-05-11 06:30:46+00:00,51.519946,-0.108356,164753.0
1078,2021-05-13 04:16:39+00:00,51.518864,-0.097562,79926.0
1079,2021-05-14 02:28:45+00:00,51.517149,-0.08776,2362.0
1080,2021-05-14 03:08:07+00:00,51.516814,-0.08162,13488.0
1081,2021-05-14 06:52:55+00:00,51.509848,-0.104494,8467.0
1082,2021-05-14 09:14:02+00:00,51.508066,-0.08778,57641.0
1083,2021-05-15 01:14:43+00:00,51.512856,-0.073254,87857.0
1084,2021-05-16 01:39:00+00:00,51.51539,-0.070437,3623.0
1085,2021-05-16 02:39:23+00:00,51.507808,-0.07913,16817.0
1086,2021-05-16 07:19:40+00:00,51.514457,-0.073849,20.0
1087,2021-05-16 07:20:00+00:00,51.514457,-0.073849,3195.0
1088,2021-05-16 08:13:15+00:00,51.516814,-0.08162,1185.0
1089,2021-05-16 08:33:00+00:00,51.516814,-0.08162,61140.0
1090,2021-05-17 01:32:00+00:00,51.522862,-0.115198,20111.0
1092,2021-05-17 07:07:11+00:00,51.509532,-0.088843,76829.0
1093,2021-05-18 04:27:40+00:00,51.503196,-0.127032,115.0
1094,2021-05-18 04:29:35+00:00,51.514276,-0.087549,2710.0
1095,2021-05-18 05:14:45+00:00,51.506255,-0.074901,2562.0
1096,2021-05-18 05:57:27+00:00,51.508066,-0.08778,313.0
1097,2021-05-18 06:02:40+00:00,51.506255,-0.074901,19350.0
1100,2021-05-18 11:25:10+00:00,51.514276,-0.087549,159130.0
1102,2021-05-20 07:37:20+00:00,51.525993,-0.073233,10727.0
1104,2021-05-20 10:36:07+00:00,51.514367,-0.076592,165039.0
1107,2021-05-22 08:26:46+00:00,51.519812,-0.093933,9297.0
1108,2021-05-22 11:01:43+00:00,51.513061,-0.076459,56159.0
1109,2021-05-23 02:37:42+00:00,51.518262,-0.097053,118491.0
1112,2021-05-24 11:32:33+00:00,51.512462,-0.076095,297.0
1113,2021-05-24 11:37:30+00:00,51.512462,-0.076095,169246.0
1117,2021-05-26 10:38:16+00:00,51.519812,-0.093933,59610.0
1118,2021-05-27 03:11:46+00:00,51.511053,-0.075722,24060.0
1119,2021-05-27 09:52:46+00:00,51.514457,-0.073849,57918.0
1120,2021-05-28 01:58:04+00:00,51.515196,-0.071772,25384.0
1121,2021-05-28 09:01:08+00:00,51.516351,-0.082965,235045.0
1122,2021-05-31 02:18:33+00:00,51.513524,-0.090506,266344.0
1123,2021-06-03 04:17:37+00:00,51.511386,-0.092296,7423.0
1124,2021-06-03 06:21:20+00:00,51.517231,-0.079613,0.0
1125,2021-06-03 06:21:20+00:00,51.516814,-0.08162,13916.0
1126,2021-06-03 10:13:16+00:00,51.516233,-0.077392,296.0
1127,2021-06-03 10:18:12+00:00,51.512462,-0.076095,83269.0
1129,2021-06-04 09:26:01+00:00,51.513377,-0.096363,7556.0
1130,2021-06-04 11:31:57+00:00,51.516233,-0.077392,49677.0
1132,2021-06-05 01:19:54+00:00,51.514513,-0.096561,15343.0
1133,2021-06-05 05:35:37+00:00,51.507808,-0.07913,12680.0
1134,2021-06-05 09:06:57+00:00,51.509414,-0.093791,57029.0
1135,2021-06-06 00:57:26+00:00,51.509547,-0.076031,21247.0
1136,2021-06-06 06:51:33+00:00,51.516347,-0.104887,6668.0
1137,2021-06-06 08:42:41+00:00,51.51768,-0.078484,228580.0
1142,2021-06-09 00:12:21+00:00,51.516351,-0.082965,89325.0
1143,2021-06-10 01:01:06+00:00,51.515504,-0.07627,975.0
1144,2021-06-10 01:17:21+00:00,51.515504,-0.07627,94418.0
1146,2021-06-11 03:30:59+00:00,51.509547,-0.076031,178377.0
1147,2021-06-13 05:03:56+00:00,51.50932,-0.084701,176562.0
1150,2021-06-15 06:06:38+00:00,51.514409,-0.079674,79978.0
1151,2021-06-16 04:19:36+00:00,51.512598,-0.084967,74322.0
1152,2021-06-17 00:58:18+00:00,51.509848,-0.104494,12230.0
1153,2021-06-17 04:22:08+00:00,51.509848,-0.104494,8674.0
1154,2021-06-17 06:46:42+00:00,51.515142,-0.097645,17199.0
1155,2021-06-17 11:33:21+00:00,51.509848,-0.104494,86558.0
1156,2021-06-18 11:35:59+00:00,51.517042,-0.102812,64021.0
1157,2021-06-19 05:23:00+00:00,51.510795,-0.077578,14787.0
1158,2021-06-19 09:29:27+00:00,51.513915,-0.07318,534.0
1159,2021-06-19 09:38:21+00:00,51.513915,-0.07318,242115.0
1161,2021-06-22 04:53:36+00:00,51.510414,-0.073515,90018.0
1163,2021-06-23 05:53:54+00:00,51.516814,-0.08162,14591.0
1164,2021-06-23 09:57:05+00:00,51.514203,-0.094628,63592.0
1166,2021-06-24 03:36:57+00:00,51.511794,-0.088042,14240.0
1167,2021-06-24 07:34:17+00:00,51.537964,-0.056981,62246.0
1168,2021-06-25 00:51:43+00:00,51.510795,-0.077578,2564.0
1169,2021-06-25 01:34:27+00:00,51.506255,-0.074901,27464.0
1171,2021-06-25 09:12:11+00:00,51.517032,-0.089451,2342.0
1172,2021-06-25 09:51:13+00:00,51.516814,-0.08162,55525.0
1173,2021-06-26 01:16:38+00:00,51.516814,-0.08162,5598.0
1174,2021-06-26 02:49:56+00:00,51.510182,-0.092865,7942.0
1175,2021-06-26 05:02:18+00:00,51.517032,-0.089451,965.0
1176,2021-06-26 05:18:23+00:00,51.516814,-0.08162,504710.0
1183,2021-07-02 01:30:13+00:00,51.512856,-0.073254,118163.0
1185,2021-07-03 10:19:36+00:00,51.518743,-0.089596,52929.0
1186,2021-07-04 01:01:45+00:00,51.513435,-0.075146,379.0
1187,2021-07-04 01:08:04+00:00,51.513435,-0.075146,17543.0
1189,2021-07-04 06:00:27+00:00,51.513051,-0.104001,76226.0
1190,2021-07-05 03:10:53+00:00,51.511749,-0.108018,18260.0
1191,2021-07-05 08:15:13+00:00,51.516386,-0.108965,87570.0
1193,2021-07-06 08:34:43+00:00,51.509344,-0.080665,1523.0
1194,2021-07-06 09:00:06+00:00,51.514203,-0.094628,8128.0
1195,2021-07-06 11:15:34+00:00,51.514763,-0.075508,146640.0
1197,2021-07-08 03:59:34+00:00,51.516508,-0.079398,17851.0
1198,2021-07-08 08:57:05+00:00,51.51972,-0.099933,72846.0
1199,2021-07-09 05:11:11+00:00,51.509344,-0.080665,1504.0
1200,2021-07-09 05:36:15+00:00,51.512462,-0.076095,165634.0
1202,2021-07-11 03:36:49+00:00,51.514933,-0.074896,812.0
1203,2021-07-11 03:50:21+00:00,51.51768,-0.078484,74025.0
1205,2021-07-12 00:24:06+00:00,51.511625,-0.081549,86840.0
1206,2021-07-13 00:31:26+00:00,51.513769,-0.076833,12713.0
1208,2021-07-13 04:03:19+00:00,51.511625,-0.081549,92858.0
1210,2021-07-14 05:50:57+00:00,51.514418,-0.091823,74572.0
1211,2021-07-15 02:33:49+00:00,51.508066,-0.08778,199000.0
1215,2021-07-17 09:50:29+00:00,51.516814,-0.08162,61145.0
1216,2021-07-18 02:49:34+00:00,51.514203,-0.094628,93998.0
1217,2021-07-19 04:56:12+00:00,51.514933,-0.074896,669.0
1218,2021-07-19 05:07:21+00:00,51.514933,-0.074896,185808.0
1222,2021-07-21 08:44:09+00:00,51.518709,-0.101345,93439.0
1225,2021-07-22 10:41:28+00:00,51.517149,-0.08776,145546.0
1226,2021-07-24 03:07:14+00:00,51.50995,-0.078665,1276.0
1227,2021-07-24 03:28:30+00:00,51.513171,-0.077694,74882.0
1228,2021-07-25 00:16:32+00:00,51.509313,-0.07385,191257.0
1230,2021-07-27 05:24:09+00:00,51.513389,-0.080034,260341.0
1233,2021-07-30 05:43:10+00:00,51.516855,-0.080234,168262.0
1237,2021-08-01 04:27:32+00:00,51.51768,-0.078484,75404.0
1238,2021-08-02 01:24:16+00:00,51.517196,-0.085149,91303.0
1240,2021-08-03 02:45:59+00:00,51.513799,-0.071038,96054.0
1242,2021-08-04 05:26:53+00:00,51.516814,-0.08162,77061.0
1244,2021-08-05 02:51:14+00:00,51.520699,-0.097601,1408.0
1245,2021-08-05 03:14:42+00:00,51.508066,-0.08778,89399.0
1248,2021-08-06 04:04:41+00:00,51.514203,-0.094628,132.0
1249,2021-08-06 04:06:53+00:00,51.514203,-0.094628,30.0
1250,2021-08-06 04:07:23+00:00,51.514203,-0.094628,93531.0
1252,2021-08-07 06:06:14+00:00,51.515504,-0.07627,253222.0
1253,2021-08-10 04:26:36+00:00,51.514203,-0.094628,3230.0
1254,2021-08-10 05:20:26+00:00,51.5169,-0.084095,175630.0
1258,2021-08-12 06:07:36+00:00,51.514367,-0.076592,69862.0
1260,2021-08-13 01:31:58+00:00,51.509848,-0.104494,21692.0
1261,2021-08-13 07:33:30+00:00,51.509848,-0.104494,13377.0
1262,2021-08-13 11:16:27+00:00,51.511749,-0.108018,941.0
1263,2021-08-13 11:32:08+00:00,51.515546,-0.070056,76968.0
1265,2021-08-14 08:54:56+00:00,51.518017,-0.075991,2983.0
1266,2021-08-14 09:44:39+00:00,51.512598,-0.084967,68734.0
1267,2021-08-15 04:50:13+00:00,51.509313,-0.07385,3642.0
1268,2021-08-15 05:50:55+00:00,51.516207,-0.101794,4602.0
1269,2021-08-15 07:07:37+00:00,51.517196,-0.085149,75018.0
1272,2021-08-16 03:57:55+00:00,51.51265,-0.101452,5213.0
1273,2021-08-16 05:24:48+00:00,51.51265,-0.101452,273613.0
1276,2021-08-19 09:25:01+00:00,51.51868,-0.085173,68419.0
1277,2021-08-20 04:25:20+00:00,51.520059,-0.084251,8805.0
1278,2021-08-20 06:52:05+00:00,51.522233,-0.107382,64587.0
1279,2021-08-21 00:48:32+00:00,51.516351,-0.082965,119966.0
1280,2021-08-22 10:07:58+00:00,51.512147,-0.092077,71254.0
1282,2021-08-23 05:55:32+00:00,51.516386,-0.108965,81035.0
1284,2021-08-24 04:26:07+00:00,51.510148,-0.077029,83347.0
1286,2021-08-25 03:35:14+00:00,51.51494,-0.079162,7564.0
1288,2021-08-25 05:41:18+00:00,51.510494,-0.084983,73719.0
1290,2021-08-26 02:09:57+00:00,51.516814,-0.08162,9149.0
1291,2021-08-26 04:42:26+00:00,51.505396,-0.088901,79109.0
1292,2021-08-27 02:40:55+00:00,51.513914,-0.11071,168533.0
1298,2021-08-29 01:29:48+00:00,51.518226,-0.111497,84020.0
1301,2021-08-30 00:50:08+00:00,51.508066,-0.08778,175959.0
1305,2021-09-01 01:42:47+00:00,51.514151,-0.074958,36412.0
1307,2021-09-01 11:49:39+00:00,51.514151,-0.074958,51725.0
1309,2021-09-02 02:11:44+00:00,51.517032,-0.089451,1662.0
1310,2021-09-02 02:39:26+00:00,51.514457,-0.073849,17690.0
1312,2021-09-02 07:34:16+00:00,51.512598,-0.084967,74276.0
1313,2021-09-03 04:12:12+00:00,51.508066,-0.08778,537.0
1314,2021-09-03 04:21:09+00:00,51.508066,-0.08778,24884.0
1315,2021-09-03 11:15:53+00:00,51.513171,-0.077694,61724.0
1316,2021-09-04 04:24:37+00:00,51.516814,-0.08162,344364.0
1317,2021-09-08 04:04:01+00:00,51.513447,-0.093493,15689.0
1318,2021-09-08 08:25:30+00:00,51.515504,-0.07627,75348.0
1320,2021-09-09 05:21:18+00:00,51.514203,-0.094628,15367.0
1322,2021-09-09 09:37:25+00:00,51.518091,-0.078308,3978.0
1323,2021-09-09 10:43:43+00:00,51.518091,-0.078308,66205.0
1325,2021-09-10 05:07:08+00:00,51.515504,-0.07627,6479.0
1326,2021-09-10 06:55:07+00:00,51.517244,-0.080376,13364.0
1327,2021-09-10 10:37:51+00:00,51.518362,-0.077245,87631.0
1329,2021-09-11 10:58:22+00:00,51.52181,-0.097929,47700.0
1330,2021-09-12 00:13:22+00:00,51.51265,-0.101452,7860.0
1331,2021-09-12 02:24:22+00:00,51.506837,-0.111824,2070.0
1332,2021-09-12 02:58:52+00:00,51.510868,-0.0969,8272.0
1333,2021-09-12 05:16:44+00:00,51.512829,-0.094758,20637.0
1335,2021-09-12 11:00:41+00:00,51.516814,-0.08162,239499.0
1338,2021-09-15 05:32:20+00:00,51.516351,-0.082965,188480.0
1341,2021-09-17 09:53:40+00:00,51.509848,-0.104494,245666.0
1344,2021-09-20 06:08:06+00:00,51.513769,-0.076833,85353.0
1345,2021-09-21 05:50:39+00:00,51.516814,-0.08162,131.0
1346,2021-09-21 05:52:50+00:00,51.516814,-0.08162,1444.0
1347,2021-09-21 06:16:54+00:00,51.513114,-0.086272,180397.0
1350,2021-09-23 08:23:31+00:00,51.518189,-0.082628,78142.0
1353,2021-09-24 06:05:53+00:00,51.517032,-0.089451,81243.0
1354,2021-09-25 04:39:56+00:00,51.518494,-0.111962,1328.0
1355,2021-09-25 05:02:04+00:00,51.511224,-0.074115,259862.0
1356,2021-09-28 05:13:06+00:00,51.509848,-0.104494,75912.0
1358,2021-09-29 02:18:18+00:00,51.514501,-0.089716,10566.0
1360,2021-09-29 05:14:24+00:00,51.51445,-0.100974,1710.0
1361,2021-09-29 05:42:54+00:00,51.514158,-0.100179,79476.0
1362,2021-09-30 03:47:30+00:00,51.509757,-0.083386,11721.0
1363,2021-09-30 07:02:51+00:00,51.509757,-0.083386,85123.0
1365,2021-10-01 06:41:34+00:00,51.517032,-0.089451,0.0
1366,2021-10-01 06:41:34+00:00,51.517032,-0.089451,8733.0
1368,2021-10-01 09:07:07+00:00,51.517032,-0.089451,147931.0
1369,2021-10-03 02:12:38+00:00,51.516814,-0.08162,9919.0
1370,2021-10-03 04:57:57+00:00,51.518433,-0.078856,82093.0
1371,2021-10-04 03:46:10+00:00,51.516814,-0.08162,190111.0
1373,2021-10-06 08:34:41+00:00,51.50932,-0.084701,60195.0
1374,2021-10-07 01:17:56+00:00,51.516386,-0.108965,15061.0
1376,2021-10-07 05:28:57+00:00,51.513389,-0.080034,11320.0
1378,2021-10-07 08:37:37+00:00,51.509344,-0.080665,96308.0
1380,2021-10-08 11:22:45+00:00,51.520699,-0.097601,306271.0
1383,2021-10-12 00:27:16+00:00,51.506255,-0.074901,107463.0
1385,2021-10-13 06:18:19+00:00,51.522233,-0.107382,15375.0
1387,2021-10-13 10:34:34+00:00,51.513171,-0.077694,343.0
1388,2021-10-13 10:40:17+00:00,51.515606,-0.094094,1771.0
1389,2021-10-13 11:09:48+00:00,51.514501,-0.089716,137396.0
1390,2021-10-15 01:19:44+00:00,51.520678,-0.080318,552153.0
1398,2021-10-21 10:42:17+00:00,51.511923,-0.086624,153656.0
1400,2021-10-23 05:23:13+00:00,51.513333,-0.088727,71586.0
1401,2021-10-24 01:16:19+00:00,51.509757,-0.083386,101021.0
1402,2021-10-25 05:20:00+00:00,51.516347,-0.104887,164919.0
1406,2021-10-27 03:08:39+00:00,51.510671,-0.084284,6077.0
1407,2021-10-27 04:49:56+00:00,51.510671,-0.084284,80671.0
1408,2021-10-28 03:14:27+00:00,51.517534,-0.09596,3121.0
1409,2021-10-28 04:06:28+00:00,51.51494,-0.079162,89453.0
1410,2021-10-29 04:57:21+00:00,51.514157,-0.091258,173489.0
1412,2021-10-31 05:08:50+00:00,51.510873,-0.105561,8012.0
1413,2021-10-31 07:22:22+00:00,51.511749,-0.108018,83208.0
1414,2021-11-01 06:29:10+00:00,51.509757,-0.083386,4238.0
1415,2021-11-01 07:39:48+00:00,51.50932,-0.084701,13143.0
1417,2021-11-01 11:18:51+00:00,51.513171,-0.077694,147156.0
1420,2021-11-03 04:11:27+00:00,51.521038,-0.078718,9561.0
1423,2021-11-03 06:50:48+00:00,51.521038,-0.078718,2280.0
1424,2021-11-03 07:28:48+00:00,51.516233,-0.077392,78724.0
1428,2021-11-04 05:20:52+00:00,51.513389,-0.080034,4681.0
1429,2021-11-04 06:38:53+00:00,51.513389,-0.080034,69538.0
1430,2021-11-05 01:57:51+00:00,51.522233,-0.107382,28195.0
1432,2021-11-05 09:47:46+00:00,51.514151,-0.074958,76967.0
1433,2021-11-06 07:10:33+00:00,51.512598,-0.084967,170096.0
1434,2021-11-08 06:25:29+00:00,51.516814,-0.08162,171707.0
1436,2021-11-10 06:07:16+00:00,51.509547,-0.076031,15130.0
1437,2021-11-10 10:19:26+00:00,51.518262,-0.088203,154100.0
1442,2021-11-12 05:07:46+00:00,51.516814,-0.08162,2070.0
1443,2021-11-12 05:42:16+00:00,51.50932,-0.084701,824.0
1444,2021-11-12 05:56:00+00:00,51.513865,-0.092625,24058.0
1446,2021-11-12 12:36:58+00:00,51.517032,-0.089451,74824.0
1447,2021-11-13 09:24:02+00:00,51.51532,-0.069431,434795.0
1450,2021-11-18 10:10:37+00:00,51.512856,-0.073254,62097.0
1452,2021-11-19 03:25:34+00:00,51.519807,-0.09144,112929.0
1456,2021-11-20 10:47:43+00:00,51.512598,-0.084967,60836.0
1457,2021-11-21 03:41:39+00:00,51.517534,-0.09596,78580.0
1458,2021-11-22 01:31:19+00:00,51.518864,-0.097562,4528.0
1462,2021-11-22 02:46:47+00:00,51.50993,-0.068161,359167.0
1466,2021-11-26 06:32:54+00:00,51.516814,-0.08162,67976.0
1468,2021-11-27 01:25:50+00:00,51.516814,-0.08162,17134.0
1469,2021-11-27 06:11:24+00:00,51.516814,-0.08162,16976.0
1470,2021-11-27 10:54:20+00:00,51.51768,-0.078484,70697.0
1471,2021-11-28 06:32:37+00:00,51.516814,-0.08162,22572.0
1472,2021-11-28 12:48:49+00:00,51.511794,-0.088042,52937.0
1473,2021-11-29 03:31:06+00:00,51.518511,-0.08531,5962.0
1474,2021-11-29 05:10:28+00:00,51.514151,-0.074958,73574.0
1475,2021-11-30 01:36:42+00:00,51.516814,-0.08162,92010.0
1476,2021-12-01 03:10:12+00:00,51.506255,-0.074901,30397.0
1478,2021-12-01 11:36:49+00:00,51.517431,-0.082458,51552.0
1479,2021-12-02 01:56:01+00:00,51.513114,-0.086272,11641.0
1480,2021-12-02 05:10:02+00:00,51.514151,-0.074958,4524.0
1481,2021-12-02 06:25:26+00:00,51.515728,-0.078393,4877.0
1482,2021-12-02 07:46:43+00:00,51.52051,-0.08158,3857.0
1483,2021-12-02 08:51:00+00:00,51.525445,-0.087528,92957.0
1485,2021-12-03 10:40:17+00:00,51.512598,-0.084967,59155.0
1486,2021-12-04 03:06:12+00:00,51.511749,-0.108018,6720.0
1487,2021-12-04 04:58:12+00:00,51.516386,-0.108965,104599.0
1488,2021-12-05 10:01:31+00:00,51.517032,-0.089451,148286.0
1490,2021-12-07 03:12:57+00:00,51.511495,-0.089582,1128.0
1491,2021-12-07 03:31:45+00:00,51.511118,-0.090203,188424.0
1493,2021-12-09 07:52:09+00:00,51.513435,-0.075146,5630.0
1494,2021-12-09 09:25:59+00:00,51.51322,-0.095015,60059.0
1496,2021-12-10 02:06:58+00:00,51.51265,-0.101452,97378.0
1500,2021-12-11 05:09:56+00:00,51.509313,-0.07385,83624.0
1501,2021-12-12 04:23:40+00:00,51.51265,-0.101452,86971.0
1504,2021-12-13 04:33:11+00:00,51.515033,-0.07825,99402.0
1506,2021-12-14 08:09:53+00:00,51.51265,-0.101452,1436.0
1507,2021-12-14 08:33:49+00:00,51.513171,-0.077694,149810.0
1508,2021-12-16 02:10:39+00:00,51.509848,-0.104494,858.0
1509,2021-12-16 02:24:57+00:00,51.509848,-0.104494,1445.0
1510,2021-12-16 02:49:02+00:00,51.513129,-0.094933,10061.0
1511,2021-12-16 05:36:43+00:00,51.513129,-0.094933,357.0
1512,2021-12-16 05:42:40+00:00,51.513129,-0.094933,18627.0
1515,2021-12-16 10:53:07+00:00,51.516233,-0.077392,485578.0
1518,2021-12-22 01:46:05+00:00,51.509848,-0.104494,101665.0
1521,2021-12-23 06:00:30+00:00,51.513114,-0.086272,84302.0
1522,2021-12-24 05:25:32+00:00,51.509848,-0.104494,271266.0
1524,2021-12-27 08:46:38+00:00,51.508066,-0.08778,187845.0
1526,2021-12-29 12:57:23+00:00,51.512856,-0.073254,140094.0
1529,2021-12-31 03:52:17+00:00,51.513447,-0.093493,175103.0
1531,2022-01-02 04:30:40+00:00,51.51265,-0.101452,372.0
1532,2022-01-02 04:36:52+00:00,51.517032,-0.089451,164705.0
1533,2022-01-04 02:21:57+00:00,51.506255,-0.074901,88204.0
1534,2022-01-05 02:52:01+00:00,51.51104,-0.113726,18703.0
1536,2022-01-05 08:03:44+00:00,51.506255,-0.074901,88860.0
1538,2022-01-06 08:44:44+00:00,51.516814,-0.08162,70770.0
1539,2022-01-07 04:24:14+00:00,51.513389,-0.080034,261668.0
1540,2022-01-10 05:05:22+00:00,51.525568,-0.032468,95329.0
1542,2022-01-11 07:34:11+00:00,51.509848,-0.104494,249002.0
1546,2022-01-14 04:44:13+00:00,51.509848,-0.104494,25086.0
1549,2022-01-14 11:42:19+00:00,51.509757,-0.083386,53336.0
1550,2022-01-15 02:31:15+00:00,51.509993,-0.083506,617.0
1551,2022-01-15 02:41:32+00:00,51.509993,-0.083506,14959.0
1552,2022-01-15 06:50:51+00:00,51.520624,-0.10964,21454.0
1553,2022-01-15 12:48:25+00:00,51.509993,-0.083506,67322.0
1554,2022-01-16 07:30:27+00:00,51.520624,-0.10964,71453.0
1555,2022-01-17 03:21:20+00:00,51.511923,-0.086624,341255.0
1561,2022-01-21 02:08:55+00:00,51.513171,-0.077694,85144.0
1563,2022-01-22 01:47:59+00:00,51.509414,-0.093791,104830.0
1565,2022-01-23 06:55:09+00:00,51.511224,-0.074115,13024.0
1566,2022-01-23 10:32:13+00:00,51.510182,-0.092865,57728.0
1567,2022-01-24 02:34:21+00:00,51.516814,-0.08162,95730.0
1569,2022-01-25 05:09:51+00:00,51.512462,-0.076095,79888.0
1570,2022-01-26 03:21:19+00:00,51.517576,-0.079786,0.0
1571,2022-01-26 03:21:19+00:00,51.517032,-0.089451,91.0
1572,2022-01-26 03:22:50+00:00,51.517032,-0.089451,20202.0
1573,2022-01-26 08:59:32+00:00,51.518091,-0.078308,86018.0
1577,2022-01-27 08:53:10+00:00,51.513051,-0.104001,11585.0
1578,2022-01-27 12:06:15+00:00,51.517149,-0.08776,159.0
1579,2022-01-27 12:08:54+00:00,51.512856,-0.073254,49459.0
1580,2022-01-28 01:53:13+00:00,51.509848,-0.104494,30211.0
1581,2022-01-28 10:16:44+00:00,51.514203,-0.094628,5765.0
1582,2022-01-28 11:52:49+00:00,51.516814,-0.08162,225113.0
1587,2022-01-31 02:24:42+00:00,51.511711,-0.07421,105791.0
1589,2022-02-01 07:47:53+00:00,51.51265,-0.101452,68011.0
1591,2022-02-02 02:41:24+00:00,51.517576,-0.079786,7797.0
1592,2022-02-02 04:51:21+00:00,51.516351,-0.082965,11344.0
1593,2022-02-02 08:00:25+00:00,51.514547,-0.112039,848.0
1594,2022-02-02 08:14:33+00:00,51.509848,-0.104494,168261.0
1595,2022-02-04 06:58:54+00:00,51.512882,-0.084768,83912.0
1598,2022-02-05 06:17:26+00:00,51.512888,-0.094482,550.0
1599,2022-02-05 06:26:36+00:00,51.512888,-0.094482,10474.0
1600,2022-02-05 09:21:10+00:00,51.512147,-0.092077,159857.0
1601,2022-02-07 05:45:27+00:00,51.512108,-0.097973,2083.0
1602,2022-02-07 06:20:10+00:00,51.517576,-0.079786,685.0
1603,2022-02-07 06:31:35+00:00,51.517576,-0.079786,623.0
1604,2022-02-07 06:41:58+00:00,51.517576,-0.079786,3600.0
1605,2022-02-07 07:41:58+00:00,51.517576,-0.079786,324542.0
1608,2022-02-11 01:51:00+00:00,51.516966,-0.1059,23228.0
1609,2022-02-11 08:18:08+00:00,51.51792,-0.092628,5958.0
1610,2022-02-11 09:57:26+00:00,51.50995,-0.078665,143550.0
1612,2022-02-13 01:49:56+00:00,51.516855,-0.080234,178815.0
1614,2022-02-15 03:30:11+00:00,51.508963,-0.073894,118703.0
1616,2022-02-16 12:28:34+00:00,51.515866,-0.073675,74441.0
1617,2022-02-17 09:09:15+00:00,51.518864,-0.097562,58672.0
1618,2022-02-18 01:27:07+00:00,51.514627,-0.072156,105533.0
1620,2022-02-19 06:46:00+00:00,51.516351,-0.082965,279990.0
1622,2022-02-22 12:32:30+00:00,51.512147,-0.092077,309871.0
1625,2022-02-26 02:37:01+00:00,51.512598,-0.084967,11958.0
1626,2022-02-26 05:56:19+00:00,51.51637,-0.081912,334672.0
1630,2022-03-02 02:54:11+00:00,51.517058,-0.083296,92799.0
1631,2022-03-03 04:40:50+00:00,51.516814,-0.08162,170606.0
1634,2022-03-05 04:04:16+00:00,51.512598,-0.084967,85628.0
1636,2022-03-06 03:51:24+00:00,51.504848,-0.090033,12775.0
1637,2022-03-06 07:24:19+00:00,51.504848,-0.090033,103076.0
1639,2022-03-07 12:02:15+00:00,51.516814,-0.08162,89718.0
1640,2022-03-08 12:57:33+00:00,51.50995,-0.078665,135038.0
1642,2022-03-10 02:28:11+00:00,51.512598,-0.084967,12315.0
1643,2022-03-10 05:53:26+00:00,51.512598,-0.084967,1464.0
1644,2022-03-10 06:17:50+00:00,51.516233,-0.077392,82747.0
1647,2022-03-11 05:16:57+00:00,51.516351,-0.082965,12989.0
1649,2022-03-11 08:53:26+00:00,51.514203,-0.094628,506.0
1650,2022-03-11 09:01:52+00:00,51.52181,-0.097929,88947.0
1651,2022-03-12 09:44:19+00:00,51.52181,-0.097929,95412.0
1652,2022-03-13 12:14:31+00:00,51.513297,-0.101959,59147.0
1653,2022-03-14 04:40:18+00:00,51.511616,-0.086551,176092.0
1657,2022-03-16 05:35:10+00:00,51.516814,-0.08162,83087.0
1659,2022-03-17 04:39:57+00:00,51.511165,-0.100822,6160.0
1661,2022-03-17 06:22:37+00:00,51.510913,-0.101395,85111.0
1662,2022-03-18 06:01:08+00:00,51.518511,-0.08531,73057.0
1663,2022-03-19 02:18:45+00:00,51.522233,-0.107382,276632.0
1665,2022-03-22 07:09:17+00:00,51.517431,-0.082458,2949.0
1666,2022-03-22 07:58:26+00:00,51.518189,-0.082628,3304.0
1667,2022-03-22 08:53:30+00:00,51.517431,-0.082458,76355.0
1668,2022-03-23 06:06:05+00:00,51.521463,-0.107054,268615.0
1675,2022-03-26 08:43:00+00:00,51.515307,-0.097277,992.0
1676,2022-03-26 08:59:32+00:00,51.515307,-0.097277,227054.0
1677,2022-03-29 00:03:46+00:00,51.514763,-0.075508,103405.0
1679,2022-03-30 04:47:11+00:00,51.50932,-0.084701,1470.0
1680,2022-03-30 05:11:41+00:00,51.509344,-0.080665,218105.0
1683,2022-04-01 17:46:46+00:00,51.510786,-0.068816,12052.0
1684,2022-04-01 21:07:38+00:00,51.517032,-0.089451,28052.0
1685,2022-04-02 04:55:10+00:00,51.510651,-0.080322,221.0
1686,2022-04-02 04:58:51+00:00,51.511611,-0.080728,4744.0
1687,2022-04-02 06:17:55+00:00,51.510651,-0.080322,17550.0
1688,2022-04-02 11:10:25+00:00,51.511118,-0.090203,103384.0
1689,2022-04-03 15:53:29+00:00,51.517576,-0.079786,41583.0
1690,2022-04-04 03:26:32+00:00,51.516855,-0.080234,690.0
1691,2022-04-04 03:38:02+00:00,51.516855,-0.080234,37896.0
1693,2022-04-04 14:09:38+00:00,51.512462,-0.076095,130239.0
1695,2022-04-06 02:20:17+00:00,51.50995,-0.078665,577.0
1696,2022-04-06 02:29:54+00:00,51.50995,-0.078665,191174.0
1698,2022-04-08 07:36:08+00:00,51.510182,-0.092865,344199.0
1700,2022-04-12 07:12:47+00:00,51.517431,-0.082458,73018.0
1701,2022-04-13 03:29:45+00:00,51.517431,-0.082458,61276.0
1702,2022-04-13 20:31:01+00:00,51.512462,-0.076095,19460.0
1703,2022-04-14 01:55:21+00:00,51.513389,-0.080034,41652.0
1704,2022-04-14 13:29:33+00:00,51.51768,-0.078484,21195.0
1705,2022-04-14 19:22:48+00:00,51.512959,-0.094464,464635.0
1706,2022-04-20 04:26:43+00:00,51.513581,-0.108418,38937.0
1707,2022-04-20 15:15:40+00:00,51.509775,-0.085014,1451.0
1708,2022-04-20 15:39:51+00:00,51.518511,-0.08531,95486.0
1710,2022-04-21 18:11:17+00:00,51.5193,-0.093969,5148.0
1711,2022-04-21 19:37:05+00:00,51.510671,-0.084284,456.0
1712,2022-04-21 19:44:41+00:00,51.510671,-0.084284,2774.0
1713,2022-04-21 20:30:55+00:00,51.515033,-0.07825,86595.0
1716,2022-04-22 20:34:10+00:00,51.512598,-0.084967,32279.0
1717,2022-04-23 05:32:09+00:00,51.508066,-0.08778,243994.0
1720,2022-04-26 01:18:43+00:00,51.513769,-0.076833,93323.0
1723,2022-04-27 03:14:06+00:00,51.508066,-0.08778,6184.0
1724,2022-04-27 04:57:10+00:00,51.51442,-0.09472,315.0
1725,2022-04-27 05:02:25+00:00,51.51442,-0.09472,432.0
1726,2022-04-27 05:09:37+00:00,51.51442,-0.09472,230.0
1727,2022-04-27 05:13:27+00:00,51.51442,-0.09472,541.0
1728,2022-04-27 05:22:28+00:00,51.508066,-0.08778,1290.0
1729,2022-04-27 05:43:58+00:00,51.509876,-0.086278,21614.0
1730,2022-04-27 11:44:12+00:00,51.517297,-0.102412,164.0
1731,2022-04-27 11:46:56+00:00,51.517297,-0.102412,32172.0
1733,2022-04-27 20:43:08+00:00,51.514158,-0.100179,166450.0
1735,2022-04-29 18:57:18+00:00,51.525787,-0.105865,85540.0
1736,2022-04-30 18:42:58+00:00,51.5075,-0.095542,1832.0
1737,2022-04-30 19:13:30+00:00,51.509414,-0.093791,456038.0
1744,2022-05-06 01:54:08+00:00,51.515504,-0.07627,0.0
1745,2022-05-06 01:54:08+00:00,51.515504,-0.07627,41263.0
1746,2022-05-06 13:21:51+00:00,51.514151,-0.074958,0.0
1747,2022-05-06 13:21:51+00:00,51.514151,-0.074958,13318.0
1748,2022-05-06 17:03:49+00:00,51.517244,-0.080376,0.0
1749,2022-05-06 17:03:49+00:00,51.517244,-0.080376,15355.0
1750,2022-05-06 21:19:44+00:00,51.516814,-0.08162,0.0
1751,2022-05-06 21:19:44+00:00,51.516814,-0.08162,78397.0
1752,2022-05-07 19:06:21+00:00,51.511749,-0.108018,0.0
1753,2022-05-07 19:06:21+00:00,51.511749,-0.108018,339528.0
1760,2022-05-11 17:25:09+00:00,51.51972,-0.099933,0.0
1761,2022-05-11 17:25:09+00:00,51.51972,-0.099933,421981.0
1772,2022-05-16 14:38:10+00:00,51.516386,-0.108965,0.0
1773,2022-05-16 14:38:10+00:00,51.516386,-0.108965,86849.0
1776,2022-05-17 14:45:39+00:00,51.513928,-0.108231,0.0
1777,2022-05-17 14:45:39+00:00,51.513928,-0.108231,147379.0
1778,2022-05-19 07:41:58+00:00,51.517576,-0.079786,0.0
1779,2022-05-19 07:41:58+00:00,51.517576,-0.079786,25048.0
1780,2022-05-19 14:39:26+00:00,51.514158,-0.100179,0.0
1781,2022-05-19 14:39:26+00:00,51.514158,-0.100179,13016.0
1782,2022-05-19 18:16:22+00:00,51.508066,-0.08778,0.0
1783,2022-05-19 18:16:22+00:00,51.508066,-0.08778,58927.0
1786,2022-05-20 10:38:29+00:00,51.516386,-0.108965,0.0
1787,2022-05-20 10:38:29+00:00,51.516386,-0.108965,19845.0
1788,2022-05-20 16:09:14+00:00,51.517231,-0.079613,0.0
1789,2022-05-20 16:09:14+00:00,51.517231,-0.079613,44587.0
1790,2022-05-21 04:32:21+00:00,51.516347,-0.104887,0.0
1791,2022-05-21 04:32:21+00:00,51.516347,-0.104887,308487.0
1794,2022-05-24 18:13:48+00:00,51.516814,-0.08162,0.0
1795,2022-05-24 18:13:48+00:00,51.516814,-0.08162,191573.0
1798,2022-05-26 23:26:41+00:00,51.513114,-0.086272,0.0
1799,2022-05-26 23:26:41+00:00,51.513114,-0.086272,27917.0
1800,2022-05-27 07:11:58+00:00,51.516386,-0.108965,0.0
1801,2022-05-27 07:11:58+00:00,51.516386,-0.108965,35743.0
1802,2022-05-27 17:07:41+00:00,51.513114,-0.086272,0.0
1803,2022-05-27 17:07:41+00:00,51.513114,-0.086272,260026.0
1806,2022-05-30 17:21:27+00:00,51.516497,-0.094115,0.0
1807,2022-05-30 17:21:27+00:00,51.516497,-0.094115,1497.0
1808,2022-05-30 17:46:24+00:00,51.516497,-0.094115,0.0
1809,2022-05-30 17:46:24+00:00,51.516497,-0.094115,10565.0
1810,2022-05-30 20:42:29+00:00,51.512135,-0.078127,0.0
1811,2022-05-30 20:42:29+00:00,51.512135,-0.078127,7107.0
1812,2022-05-30 22:40:56+00:00,51.518433,-0.078856,0.0
1813,2022-05-30 22:40:56+00:00,51.518433,-0.078856,84524.0
1814,2022-05-31 22:09:40+00:00,51.510182,-0.092865,0.0
1815,2022-05-31 22:09:40+00:00,51.510182,-0.092865,148.0
1816,2022-05-31 22:12:08+00:00,51.510182,-0.092865,0.0
1817,2022-05-31 22:12:08+00:00,51.510182,-0.092865,101140.0
1818,2022-06-02 02:17:48+00:00,51.523053,-0.108631,93842.0
1821,2022-06-03 04:21:50+00:00,51.515033,-0.07825,176107.0
1823,2022-06-05 05:16:57+00:00,51.51265,-0.101452,27962.0
1824,2022-06-05 13:02:59+00:00,51.51265,-0.101452,38789.0
1825,2022-06-05 23:49:28+00:00,51.516966,-0.1059,87391.0
1826,2022-06-07 00:05:59+00:00,51.520985,-0.078749,30863.0
1827,2022-06-07 08:40:22+00:00,51.515196,-0.071772,225.0
1828,2022-06-07 08:44:07+00:00,51.516814,-0.08162,108936.0
1830,2022-06-08 14:59:43+00:00,51.520985,-0.078749,29414.0
1831,2022-06-08 23:09:57+00:00,51.525655,-0.090517,138006.0
1834,2022-06-10 13:30:03+00:00,51.516814,-0.08162,114917.0
1836,2022-06-11 21:25:20+00:00,51.515728,-0.078393,241952.0
1839,2022-06-14 16:37:52+00:00,51.510651,-0.080322,187691.0
1840,2022-06-16 20:46:03+00:00,51.506338,-0.088227,124211.0
1842,2022-06-18 07:16:14+00:00,51.51868,-0.085173,193704.0
1843,2022-06-20 13:04:38+00:00,51.515031,-0.100748,24891.0
1844,2022-06-20 19:59:29+00:00,51.515621,-0.085086,109808.0
1846,2022-06-22 02:29:37+00:00,51.509344,-0.080665,175580.0
1847,2022-06-24 03:15:57+00:00,51.520678,-0.080318,67648.0
1849,2022-06-24 22:03:25+00:00,51.51868,-0.085173,13024.0
1850,2022-06-25 01:40:29+00:00,51.515033,-0.07825,18656.0
1851,2022-06-25 06:51:25+00:00,51.515033,-0.07825,208326.0
1853,2022-06-27 16:43:31+00:00,51.513447,-0.093493,222470.0
1856,2022-06-30 06:31:21+00:00,51.512598,-0.084967,35884.0
1857,2022-06-30 16:29:25+00:00,51.514158,-0.100179,61282.0
1859,2022-07-01 09:30:47+00:00,51.517785,-0.079907,17519.0
1860,2022-07-01 14:22:46+00:00,51.517656,-0.077563,24744.0
1861,2022-07-01 21:15:10+00:00,51.515894,-0.075922,233.0
1862,2022-07-01 21:19:03+00:00,51.515894,-0.075922,161160.0
1864,2022-07-03 18:05:03+00:00,51.517785,-0.079907,251340.0
1866,2022-07-06 15:54:03+00:00,51.514627,-0.072156,3196.0
1867,2022-07-06 16:47:19+00:00,51.513813,-0.073531,4848.0
1868,2022-07-06 18:08:07+00:00,51.5131,-0.072542,78573.0
1869,2022-07-07 15:57:40+00:00,51.513874,-0.096501,125575.0
1870,2022-07-09 02:50:35+00:00,51.5131,-0.072542,82451.0
1871,2022-07-10 01:44:46+00:00,51.514267,-0.079838,4236.0
1872,2022-07-10 02:55:22+00:00,51.516212,-0.078849,3368.0
1873,2022-07-10 03:51:30+00:00,51.51477,-0.101292,1428.0
1874,2022-07-10 04:15:18+00:00,51.514267,-0.079838,252645.0
1877,2022-07-13 02:26:03+00:00,51.503329,-0.091725,94116.0
1880,2022-07-14 04:34:39+00:00,51.519119,-0.056615,49135.0
1882,2022-07-14 18:13:34+00:00,51.513712,-0.104276,85547.0
1884,2022-07-15 17:59:21+00:00,51.517102,-0.088785,234.0
1885,2022-07-15 18:03:15+00:00,51.517102,-0.088785,51958.0
1887,2022-07-16 08:29:13+00:00,51.510725,-0.084844,361241.0
1890,2022-07-20 12:49:54+00:00,51.511794,-0.101906,11239.0
1891,2022-07-20 15:57:13+00:00,51.510836,-0.097176,6673.0
1892,2022-07-20 17:48:26+00:00,51.513911,-0.102726,194159.0
1894,2022-07-22 23:44:25+00:00,51.50882,-0.081091,2166.0
1895,2022-07-23 00:20:31+00:00,51.50882,-0.081091,68451.0
1896,2022-07-23 19:21:22+00:00,51.5131,-0.072542,241993.0
1897,2022-07-26 14:34:35+00:00,51.517656,-0.077563,7553.0
1898,2022-07-26 16:40:28+00:00,51.515812,-0.077511,39901.0
1899,2022-07-27 03:45:29+00:00,51.513874,-0.096501,140938.0
1906,2022-07-28 18:54:27+00:00,51.516271,-0.092971,279.0
1907,2022-07-28 18:59:06+00:00,51.516271,-0.092971,12311.0
1908,2022-07-28 22:24:17+00:00,51.518692,-0.081512,201909.0
1911,2022-07-31 06:29:26+00:00,51.511794,-0.101906,313193.0
1912,2022-08-03 21:29:19+00:00,51.513079,-0.09407,2473.0
1913,2022-08-03 22:10:32+00:00,51.513079,-0.09407,130476.0
1914,2022-08-05 10:25:08+00:00,51.518093,-0.078424,118087.0
1916,2022-08-06 19:13:15+00:00,51.517239,-0.106076,22884.0
1917,2022-08-07 01:34:39+00:00,51.517296,-0.081902,23561.0
1918,2022-08-07 08:07:20+00:00,51.509872,-0.092633,236505.0
1923,2022-08-10 01:49:05+00:00,51.509872,-0.092633,36118.0
1925,2022-08-10 11:51:03+00:00,51.518692,-0.081512,67710.0
1926,2022-08-11 06:39:33+00:00,51.514924,-0.074925,42975.0
1927,2022-08-11 18:35:48+00:00,51.513736,-0.095224,224.0
1928,2022-08-11 18:39:32+00:00,51.513736,-0.095224,10710.0
1929,2022-08-11 21:38:02+00:00,51.513736,-0.095224,80087.0
1930,2022-08-12 19:52:49+00:00,51.513209,-0.0949,3757.0
1931,2022-08-12 20:55:26+00:00,51.511794,-0.101906,31657.0
1932,2022-08-13 05:43:03+00:00,51.517687,-0.112111,62675.0
1933,2022-08-13 23:07:38+00:00,51.506722,-0.088586,3655.0
1934,2022-08-14 00:08:33+00:00,51.516869,-0.081113,26093.0
1935,2022-08-14 07:23:26+00:00,51.517296,-0.081902,46818.0
1936,2022-08-14 20:23:44+00:00,51.511884,-0.108027,40934.0
1937,2022-08-15 07:45:58+00:00,51.511196,-0.079521,207152.0
1938,2022-08-17 17:18:30+00:00,51.513666,-0.078278,191587.0
1942,2022-08-19 22:31:37+00:00,51.517296,-0.081902,7892.0
1943,2022-08-20 00:43:09+00:00,51.516869,-0.081113,15096.0
1944,2022-08-20 04:54:45+00:00,51.518692,-0.081512,36133.0
1947,2022-08-20 14:56:58+00:00,51.51777,-0.078495,21091.0
1948,2022-08-20 20:48:29+00:00,51.519689,-0.098017,3377.0
1949,2022-08-20 21:44:46+00:00,51.519689,-0.098017,10972.0
1950,2022-08-21 00:47:38+00:00,51.517785,-0.079907,0.0
1951,2022-08-21 00:47:38+00:00,51.517785,-0.079907,0.0
1952,2022-08-21 00:47:38+00:00,51.517785,-0.079907,246620.0
1954,2022-08-23 21:17:58+00:00,51.513209,-0.0949,117216.0
1955,2022-08-25 05:51:34+00:00,51.513631,-0.086019,138048.0
1956,2022-08-26 20:12:22+00:00,51.51277,-0.118367,43050.0
1957,2022-08-27 08:09:52+00:00,51.511896,-0.09154,3560.0
1958,2022-08-27 09:09:12+00:00,51.511896,-0.09154,188988.0
1959,2022-08-29 13:39:00+00:00,51.510761,-0.101963,432.0
1960,2022-08-29 13:46:12+00:00,51.510761,-0.101963,42259.0
1961,2022-08-30 01:30:31+00:00,51.511037,-0.096274,64.0
1962,2022-08-30 01:31:35+00:00,51.511037,-0.096274,174859.0
1964,2022-09-01 02:05:54+00:00,51.518281,-0.111596,375.0
1965,2022-09-01 02:12:09+00:00,51.517846,-0.109164,873.0
1966,2022-09-01 02:26:42+00:00,51.517846,-0.109164,2485.0
1967,2022-09-01 03:08:07+00:00,51.515178,-0.076716,64633.0
1968,2022-09-01 21:05:20+00:00,51.51844,-0.078755,24956.0
1969,2022-09-02 04:01:16+00:00,51.515383,-0.078783,4619.0
1970,2022-09-02 05:18:15+00:00,51.515383,-0.078783,1109.0
1971,2022-09-02 05:36:44+00:00,51.515383,-0.078783,52948.0
1972,2022-09-02 20:19:12+00:00,51.515383,-0.078783,2667.0
1973,2022-09-02 21:03:39+00:00,51.515383,-0.078783,23953.0
1974,2022-09-03 03:42:52+00:00,51.516869,-0.081113,206327.0
1979,2022-09-05 13:01:39+00:00,51.516869,-0.081113,317198.0
1982,2022-09-09 05:08:17+00:00,51.515225,-0.069709,155352.0
1986,2022-09-11 00:17:29+00:00,51.511794,-0.101906,609256.0
1989,2022-09-18 01:31:45+00:00,51.516869,-0.081113,232863.0
1991,2022-09-20 18:12:48+00:00,51.516271,-0.092971,2164.0
1992,2022-09-20 18:48:52+00:00,51.516271,-0.092971,3962.0
1993,2022-09-20 19:54:54+00:00,51.517461,-0.089808,14953.0
1994,2022-09-21 00:04:07+00:00,51.517461,-0.089808,101440.0
1996,2022-09-22 04:14:47+00:00,51.512066,-0.074483,135881.0
1998,2022-09-23 17:59:28+00:00,51.511896,-0.09154,346865.0
2002,2022-09-27 18:20:33+00:00,51.516271,-0.092971,218984.0
2003,2022-09-30 07:10:17+00:00,51.513079,-0.09407,40633.0
2005,2022-09-30 18:27:30+00:00,51.517461,-0.089808,84001.0
2006,2022-10-01 17:47:31+00:00,51.517239,-0.106076,110435.0
2007,2022-10-03 00:28:06+00:00,51.512549,-0.095764,63875.0
2008,2022-10-03 18:12:41+00:00,51.516271,-0.092971,17181.0
2009,2022-10-03 22:59:02+00:00,51.517369,-0.094655,20029.0
2010,2022-10-04 04:32:51+00:00,51.509744,-0.089208,232809.0
2015,2022-10-06 21:13:00+00:00,51.512658,-0.092531,685485.0
2020,2022-10-14 19:37:45+00:00,51.512105,-0.085089,28188.0
2021,2022-10-15 03:27:33+00:00,51.520551,-0.0985,224115.0
2029,2022-10-17 17:42:48+00:00,51.517785,-0.079907,1061.0
2030,2022-10-17 18:00:29+00:00,51.517785,-0.079907,10068.0
2031,2022-10-17 20:48:17+00:00,51.517785,-0.079907,157736.0
2032,2022-10-19 16:37:13+00:00,51.511794,-0.101906,48061.0
2033,2022-10-20 05:58:14+00:00,51.513813,-0.073531,341856.0
2038,2022-10-24 04:55:50+00:00,51.516271,-0.076425,865.0
2039,2022-10-24 05:10:15+00:00,51.516271,-0.076425,61836.0
2040,2022-10-24 22:20:51+00:00,51.511896,-0.09154,156673.0
2041,2022-10-26 17:52:04+00:00,51.517332,-0.098519,110049.0
2042,2022-10-28 00:26:13+00:00,51.514267,-0.079838,50600.0
2044,2022-10-28 14:29:33+00:00,51.514267,-0.079838,19888.0
2045,2022-10-28 20:01:01+00:00,51.517461,-0.089808,23585.0
2046,2022-10-29 02:34:06+00:00,51.520455,-0.078757,332.0
2047,2022-10-29 02:39:38+00:00,51.520455,-0.078757,10351.0
2048,2022-10-29 05:32:09+00:00,51.520455,-0.078757,695.0
2049,2022-10-29 05:43:44+00:00,51.520455,-0.078757,38279.0
2050,2022-10-29 16:21:43+00:00,51.511332,-0.077959,3979.0
2051,2022-10-29 17:28:02+00:00,51.511332,-0.077959,447868.0
2057,2022-11-03 21:52:30+00:00,51.516103,-0.089822,19780.0
2058,2022-11-04 03:22:10+00:00,51.510864,-0.089479,10045.0
2059,2022-11-04 06:09:35+00:00,51.510864,-0.089479,1714.0
2060,2022-11-04 06:38:09+00:00,51.510864,-0.089479,117.0
2061,2022-11-04 06:40:06+00:00,51.510864,-0.089479,31177.0
2062,2022-11-04 15:19:43+00:00,51.516271,-0.092971,369.0
2063,2022-11-04 15:25:52+00:00,51.516271,-0.092971,37617.0
2064,2022-11-05 01:52:49+00:00,51.511759,-0.076038,359521.0
2066,2022-11-09 05:44:50+00:00,51.511965,-0.075453,5406.0
2067,2022-11-09 07:14:56+00:00,51.511965,-0.075453,34935.0
2068,2022-11-09 16:57:11+00:00,51.527173,-0.080478,209996.0
2071,2022-11-12 03:17:07+00:00,51.513631,-0.086019,189896.0
2072,2022-11-14 08:02:03+00:00,51.51477,-0.101292,227752.0
2073,2022-11-16 23:17:55+00:00,51.510725,-0.084844,94913.0
2075,2022-11-18 01:39:48+00:00,51.515178,-0.076716,4701.0
2076,2022-11-18 02:58:09+00:00,51.515178,-0.076716,59137.0
2077,2022-11-18 19:23:46+00:00,51.517051,-0.102812,1073.0
2078,2022-11-18 19:41:39+00:00,51.517051,-0.102812,1558.0
2079,2022-11-18 20:07:37+00:00,51.517461,-0.089808,25399.0
2080,2022-11-19 03:10:56+00:00,51.51277,-0.118367,262477.0
2083,2022-11-22 04:05:33+00:00,51.511794,-0.101906,51624.0
2084,2022-11-22 18:25:57+00:00,51.508312,-0.079138,41365.0
2085,2022-11-23 05:55:22+00:00,51.517461,-0.089808,47528.0
2086,2022-11-23 19:07:30+00:00,51.519045,-0.097078,65329.0
2087,2022-11-24 13:16:19+00:00,51.519045,-0.097078,9900.0
2088,2022-11-24 16:01:19+00:00,51.513631,-0.086019,193247.0
2091,2022-11-26 21:42:06+00:00,51.51277,-0.118367,11080.0
2092,2022-11-27 00:46:46+00:00,51.518461,-0.097103,
