,Latitude,Longitude,Year,Month,Day,Hour,Minute,Second
0,51.513952,-0.085833,2019,12,1,2,17,49
1,51.511625,-0.081549,2019,12,2,3,14,4
2,51.509775,-0.085014,2019,12,2,4,51,16
3,51.517431,-0.082458,2019,12,3,9,48,8
4,51.516814,-0.08162,2019,12,4,2,53,26
5,51.513114,-0.086272,2019,12,4,3,15,57
6,51.51806,-0.110683,2019,12,4,6,36,19
7,51.51768,-0.078484,2019,12,4,12,37,18
8,51.518262,-0.088203,2019,12,5,5,31,29
9,51.518262,-0.088203,2019,12,5,5,44,29
10,51.516814,-0.08162,2019,12,5,6,13,8
11,51.517032,-0.089451,2019,12,7,2,44,55
12,51.517032,-0.089451,2019,12,7,3,3,19
13,51.513132,-0.09071,2019,12,7,7,47,16
14,51.513683,-0.111974,2019,12,9,6,13,6
15,51.515075,-0.077513,2019,12,9,12,4,42
16,51.512598,-0.084967,2019,12,10,2,4,32
17,51.512598,-0.084967,2019,12,10,3,38,26
18,51.512598,-0.084967,2019,12,10,4,8,4
19,51.513051,-0.104001,2019,12,10,11,49,3
20,51.516814,-0.08162,2019,12,12,10,37,12
21,51.514276,-0.087549,2019,12,13,5,30,45
22,51.514151,-0.074958,2019,12,14,2,29,15
23,51.516814,-0.08162,2019,12,14,5,21,24
24,51.517058,-0.083296,2019,12,15,4,25,49
25,51.514887,-0.109647,2019,12,15,12,35,19
26,51.533305,-0.096441,2019,12,16,4,21,29
27,51.516814,-0.08162,2019,12,16,6,52,57
28,51.51104,-0.113726,2019,12,17,1,55,56
29,51.516508,-0.079398,2019,12,17,4,40,41
30,51.516508,-0.079398,2019,12,17,4,49,8
31,51.517588,-0.076686,2019,12,17,7,25,3
32,51.517184,-0.076747,2019,12,17,9,58,10
33,51.525017,-0.035504,2019,12,18,7,12,50
34,51.512598,-0.084967,2019,12,18,7,36,9
35,51.525017,-0.035504,2019,12,18,8,6,25
36,51.512545,-0.096643,2019,12,18,9,11,32
37,51.512952,-0.096814,2019,12,18,9,34,36
38,51.516814,-0.08162,2019,12,18,10,0,47
39,51.512147,-0.092077,2019,12,18,10,3,45
40,51.508066,-0.08778,2019,12,19,3,24,37
41,51.509848,-0.104494,2019,12,19,8,46,46
42,51.517576,-0.079786,2019,12,19,9,16,54
43,51.516814,-0.08162,2019,12,19,9,16,54
44,51.516894,-0.076067,2019,12,19,10,33,28
45,51.506255,-0.074901,2019,12,20,2,27,9
46,51.515075,-0.077513,2019,12,20,7,28,52
47,51.51265,-0.101452,2019,12,20,9,47,24
48,51.51265,-0.101452,2019,12,20,11,43,11
49,51.508066,-0.08778,2019,12,20,12,28,27
50,51.511794,-0.088042,2019,12,21,1,32,38
51,51.511794,-0.088042,2019,12,21,1,46,27
52,51.506255,-0.074901,2019,12,21,2,12,50
53,51.514457,-0.073849,2019,12,21,2,14,43
54,51.512682,-0.084618,2019,12,21,4,45,28
55,51.512598,-0.084967,2019,12,21,4,45,28
56,51.517032,-0.089451,2019,12,21,4,46,12
57,51.51265,-0.101452,2019,12,21,10,30,23
58,51.512598,-0.084967,2019,12,22,7,40,58
59,51.512598,-0.084967,2019,12,22,7,40,58
60,51.51265,-0.101452,2019,12,23,3,34,22
61,51.51265,-0.101452,2019,12,23,3,36,4
62,51.513915,-0.07318,2019,12,23,8,30,17
63,51.513915,-0.07318,2019,12,23,9,33,7
64,51.516351,-0.082965,2019,12,23,11,31,26
65,51.515606,-0.094094,2019,12,25,8,9,58
66,51.516814,-0.08162,2019,12,26,8,33,31
67,51.528493,-0.091394,2019,12,27,10,1,28
68,51.528493,-0.091394,2019,12,27,10,2,23
69,51.512856,-0.073254,2019,12,28,11,18,50
70,51.5112,-0.085257,2019,12,29,1,40,3
71,51.512856,-0.073254,2019,12,29,3,10,1
72,51.516814,-0.08162,2019,12,29,3,27,48
73,51.516814,-0.08162,2019,12,29,4,44,55
74,51.513268,-0.100202,2019,12,29,4,45,12
75,51.518262,-0.088203,2019,12,29,11,59,4
76,51.518226,-0.111497,2019,12,30,5,51,51
77,51.512598,-0.084967,2019,12,30,6,15,2
78,51.512598,-0.084967,2019,12,30,6,28,1
79,51.516814,-0.08162,2020,1,1,7,59,46
80,51.517577,-0.098062,2020,1,1,8,12,36
81,51.513885,-0.102741,2020,1,1,8,40,7
82,51.516814,-0.08162,2020,1,2,2,7,16
83,51.51265,-0.101452,2020,1,2,7,41,52
84,51.517244,-0.080376,2020,1,2,8,30,34
85,51.513389,-0.080034,2020,1,3,1,29,9
86,51.516966,-0.1059,2020,1,3,4,5,21
87,51.513268,-0.100202,2020,1,3,4,36,47
88,51.508066,-0.08778,2020,1,4,2,34,26
89,51.519312,-0.103597,2020,1,4,6,33,3
90,51.519912,-0.102332,2020,1,4,9,17,55
91,51.516814,-0.08162,2020,1,5,8,1,21
92,51.514858,0.004717,2020,1,6,3,22,13
93,51.513454,-0.09172,2020,1,6,5,29,36
94,51.513721,-0.102647,2020,1,6,6,59,58
95,51.518433,-0.078856,2020,1,6,9,13,1
96,51.520846,-0.100593,2020,1,6,12,31,44
97,51.517184,-0.076747,2020,1,7,4,16,57
98,51.517231,-0.079613,2020,1,7,9,22,17
99,51.51768,-0.078484,2020,1,9,6,44,58
100,51.512147,-0.092077,2020,1,9,10,44,20
101,51.516351,-0.082965,2020,1,11,5,58,57
102,51.516351,-0.082965,2020,1,11,7,32,57
103,51.516351,-0.082965,2020,1,11,11,9,39
104,51.514461,-0.092268,2020,1,11,12,7,55
105,51.520846,-0.100593,2020,1,12,8,56,11
106,51.509848,-0.104494,2020,1,12,10,35,5
107,51.513377,-0.096363,2020,1,13,2,13,49
108,51.513377,-0.096363,2020,1,13,3,47,58
109,51.515739,-0.100632,2020,1,14,1,40,39
110,51.515739,-0.100632,2020,1,14,2,28,53
111,51.516814,-0.08162,2020,1,14,6,53,1
112,51.514151,-0.074958,2020,1,15,7,31,8
113,51.517058,-0.083296,2020,1,16,5,56,30
114,51.514203,-0.094628,2020,1,16,7,35,45
115,51.51539,-0.070437,2020,1,17,3,54,50
116,51.513171,-0.077694,2020,1,17,4,54,51
117,51.522003,-0.117684,2020,1,17,6,56,31
118,51.516834,-0.076199,2020,1,17,8,53,41
119,51.515196,-0.071772,2020,1,17,9,30,37
120,51.517058,-0.083296,2020,1,18,3,55,41
121,51.517576,-0.079786,2020,1,19,4,6,6
122,51.512652,-0.092719,2020,1,20,2,14,12
123,51.516814,-0.08162,2020,1,20,4,18,57
124,51.519015,-0.086976,2020,1,21,3,9,44
125,51.519015,-0.086976,2020,1,21,3,12,50
126,51.513389,-0.080034,2020,1,21,7,42,34
127,51.514203,-0.094628,2020,1,22,8,14,18
128,51.517184,-0.076747,2020,1,22,9,59,2
129,51.516814,-0.08162,2020,1,22,11,14,51
130,51.516814,-0.08162,2020,1,23,1,53,11
131,51.51265,-0.101452,2020,1,23,2,39,6
132,51.51265,-0.101452,2020,1,23,3,35,25
133,51.511625,-0.081549,2020,1,23,8,46,19
134,51.511625,-0.081549,2020,1,23,8,47,42
135,51.52029,-0.078591,2020,1,23,9,48,9
136,51.509547,-0.076031,2020,1,24,4,21,28
137,51.508066,-0.08778,2020,1,24,6,14,40
138,51.514203,-0.094628,2020,1,25,2,29,38
139,51.510651,-0.080322,2020,1,25,5,48,8
140,51.516026,-0.091151,2020,1,25,7,12,51
141,51.51265,-0.101452,2020,1,25,9,28,28
142,51.514151,-0.074958,2020,1,25,11,21,45
143,51.511625,-0.081549,2020,1,26,5,58,15
144,51.516886,-0.090985,2020,1,26,12,49,32
145,51.51905,-0.076437,2020,1,27,3,45,53
146,51.514766,-0.096075,2020,1,27,8,45,43
147,51.514766,-0.096075,2020,1,27,8,50,59
148,51.514203,-0.094628,2020,1,27,9,26,15
149,51.513928,-0.108231,2020,1,27,10,53,54
150,51.50995,-0.078665,2020,1,28,7,1,27
151,51.516814,-0.08162,2020,1,29,3,15,52
152,51.513194,-0.092321,2020,1,30,3,7,0
153,51.508066,-0.08778,2020,1,30,5,6,48
154,51.516814,-0.08162,2020,1,30,9,47,53
155,51.517196,-0.085149,2020,1,31,8,43,35
156,51.516006,-0.080573,2020,2,1,2,30,37
157,51.516814,-0.08162,2020,2,1,5,32,48
158,51.508066,-0.08778,2020,2,1,9,31,0
159,51.508066,-0.08778,2020,2,1,9,32,4
160,51.515606,-0.094094,2020,2,2,5,20,11
161,51.516497,-0.094115,2020,2,2,6,27,50
162,51.510913,-0.101395,2020,2,3,2,33,5
163,51.516814,-0.08162,2020,2,4,3,0,51
164,51.516814,-0.08162,2020,2,4,3,12,48
165,51.516508,-0.079398,2020,2,4,4,3,21
166,51.512598,-0.084967,2020,2,4,8,7,43
167,51.511616,-0.086551,2020,2,5,4,28,9
168,51.511616,-0.086551,2020,2,5,10,3,11
169,51.517576,-0.079786,2020,2,6,3,15,46
170,51.513377,-0.096363,2020,2,6,3,48,30
171,51.517576,-0.079786,2020,2,6,9,15,29
172,51.51142,-0.097699,2020,2,7,4,11,29
173,51.518864,-0.097562,2020,2,7,5,55,34
174,51.519017,-0.099818,2020,2,7,12,4,57
175,51.515739,-0.100632,2020,2,8,4,23,48
176,51.518226,-0.111497,2020,2,8,4,35,27
177,51.516508,-0.079398,2020,2,8,8,41,54
178,51.511616,-0.086551,2020,2,9,5,30,35
179,51.517576,-0.079786,2020,2,9,5,43,13
180,51.516966,-0.1059,2020,2,10,8,27,47
181,51.516508,-0.079398,2020,2,12,8,38,47
182,51.516814,-0.08162,2020,2,13,4,44,4
183,51.516476,-0.111181,2020,2,13,5,45,20
184,51.516497,-0.094115,2020,2,16,2,30,1
185,51.51265,-0.101452,2020,2,19,4,39,24
186,51.51265,-0.101452,2020,2,19,7,14,10
187,51.512682,-0.084618,2020,2,19,7,27,26
188,51.514203,-0.094628,2020,2,19,12,17,50
189,51.51265,-0.101452,2020,2,20,3,13,52
190,51.511749,-0.108018,2020,2,20,10,56,24
191,51.51265,-0.101452,2020,2,20,11,32,56
192,51.513885,-0.102741,2020,2,21,2,38,29
193,51.513885,-0.102741,2020,2,21,2,39,8
194,51.512598,-0.084967,2020,2,22,7,49,58
195,51.51144,-0.083993,2020,2,24,2,22,3
196,51.514203,-0.094628,2020,2,24,12,4,12
197,51.504439,-0.090915,2020,2,25,5,28,32
198,51.513037,-0.091506,2020,2,25,9,14,8
199,51.516814,-0.08162,2020,2,25,10,6,52
200,51.517032,-0.089451,2020,2,26,6,46,2
201,51.513037,-0.091506,2020,2,26,8,55,33
202,51.55269,-0.109594,2020,2,26,9,22,39
203,51.513171,-0.077694,2020,2,26,12,41,26
204,51.513928,-0.108231,2020,2,28,8,51,30
205,51.518262,-0.088203,2020,2,28,10,52,45
206,51.515331,-0.089364,2020,2,29,6,18,24
207,51.513928,-0.108231,2020,2,29,8,23,8
208,51.509848,-0.104494,2020,2,29,9,48,42
209,51.509848,-0.104494,2020,2,29,10,7,26
210,51.518864,-0.097562,2020,2,29,12,52,29
211,51.505103,-0.099677,2020,2,29,12,54,2
212,51.516814,-0.08162,2020,3,2,1,26,22
213,51.516814,-0.08162,2020,3,2,2,8,32
214,51.513952,-0.085833,2020,3,3,3,49,33
215,51.514151,-0.074958,2020,3,4,4,49,44
216,51.516814,-0.08162,2020,3,4,4,50,2
217,51.51121,-0.094206,2020,3,4,7,34,50
218,51.516814,-0.08162,2020,3,6,2,58,13
219,51.512147,-0.092077,2020,3,6,10,57,35
220,51.516814,-0.08162,2020,3,7,3,28,30
221,51.517149,-0.08776,2020,3,7,11,33,57
222,51.511625,-0.081549,2020,3,9,4,16,0
223,51.512598,-0.084967,2020,3,10,5,1,31
224,51.511118,-0.090203,2020,3,10,10,57,11
225,51.509775,-0.085014,2020,3,10,11,42,19
226,51.516814,-0.08162,2020,3,11,8,55,55
227,51.512598,-0.084967,2020,3,11,9,4,45
228,51.508066,-0.08778,2020,3,12,1,20,54
229,51.512526,-0.098777,2020,3,12,3,53,40
230,51.516147,-0.082066,2020,3,13,4,31,51
231,51.514203,-0.094628,2020,3,13,7,41,51
232,51.511828,-0.080244,2020,3,13,10,8,40
233,51.516966,-0.1059,2020,3,13,11,6,28
234,51.514461,-0.092268,2020,3,14,3,37,19
235,51.511916,-0.076853,2020,3,15,4,18,49
236,51.516814,-0.08162,2020,3,16,6,5,4
237,51.513914,-0.11071,2020,3,16,9,30,5
238,51.515142,-0.097645,2020,3,18,7,38,6
239,51.517678,-0.107672,2020,3,19,1,49,53
240,51.511625,-0.081549,2020,3,19,3,8,50
241,51.509344,-0.080665,2020,3,19,7,38,13
242,51.512598,-0.084967,2020,3,20,9,3,49
243,51.512598,-0.084967,2020,3,23,5,35,2
244,51.512147,-0.092077,2020,3,23,5,58,51
245,51.514203,-0.094628,2020,3,24,2,49,43
246,51.511014,-0.076113,2020,3,25,3,43,6
247,51.511122,-0.087666,2020,3,26,8,22,6
248,51.510671,-0.084284,2020,3,26,8,46,41
249,51.509848,-0.104494,2020,3,26,9,47,16
250,51.517728,-0.10238,2020,3,26,11,39,52
251,51.512147,-0.092077,2020,3,26,11,48,11
252,51.516867,-0.022004,2020,3,27,5,29,11
253,51.512135,-0.078127,2020,3,30,2,37,15
254,51.513869,-0.105134,2020,3,31,6,37,28
255,51.51283,-0.108175,2020,4,1,5,26,18
256,51.516351,-0.082965,2020,4,2,0,54,17
257,51.515546,-0.070056,2020,4,3,9,22,46
258,51.516047,-0.075411,2020,4,3,11,3,8
259,51.520699,-0.097601,2020,4,6,5,59,12
260,51.510651,-0.080322,2020,4,6,8,8,22
261,51.514367,-0.076592,2020,4,7,3,4,30
262,51.51962,-0.088766,2020,4,7,10,53,17
263,51.522615,-0.077253,2020,4,10,2,32,27
264,51.509848,-0.104494,2020,4,10,11,20,30
265,51.513928,-0.108231,2020,4,12,2,34,10
266,51.515307,-0.097277,2020,4,12,5,55,21
267,51.518864,-0.097562,2020,4,13,4,4,6
268,51.51265,-0.101452,2020,4,14,7,1,17
269,51.512147,-0.092077,2020,4,14,8,10,19
270,51.508066,-0.08778,2020,4,15,2,31,57
271,51.583366,-0.072178,2020,4,16,7,32,25
272,51.589418,-0.076556,2020,4,16,8,23,26
273,51.515142,-0.097645,2020,4,17,6,19,51
274,51.506895,-0.058634,2020,4,17,8,17,19
275,51.516814,-0.08162,2020,4,17,9,26,1
276,51.509027,-0.06304,2020,4,19,4,54,19
277,51.514203,-0.094628,2020,4,20,3,11,36
278,51.517244,-0.080376,2020,4,20,7,4,3
279,51.514158,-0.100179,2020,4,21,4,39,48
280,51.513928,-0.108231,2020,4,22,2,44,41
281,51.512692,-0.104621,2020,4,22,2,50,24
282,51.513454,-0.09172,2020,4,22,7,1,5
283,51.516814,-0.08162,2020,4,24,7,22,58
284,51.51768,-0.078484,2020,4,24,10,35,11
285,51.51265,-0.076044,2020,4,26,2,1,2
286,51.516814,-0.08162,2020,4,27,0,41,56
287,51.514109,-0.10328,2020,4,28,11,33,26
288,51.514151,-0.074958,2020,4,28,11,53,27
289,51.516966,-0.1059,2020,4,29,1,11,49
290,51.516966,-0.1059,2020,4,29,1,19,8
291,51.512147,-0.092077,2020,5,2,0,41,25
292,51.516767,-0.098572,2020,5,3,6,20,32
293,51.51265,-0.101452,2020,5,6,1,43,7
294,51.51265,-0.101452,2020,5,6,11,57,36
295,51.508181,-0.019397,2020,5,7,3,2,19
296,51.550005,-0.065684,2020,5,8,2,6,54
297,51.509547,-0.076031,2020,5,8,2,15,35
298,51.519888,-0.102506,2020,5,8,8,49,13
299,51.518231,-0.112939,2020,5,10,1,9,50
300,51.518231,-0.112939,2020,5,10,1,10,44
301,51.518231,-0.112939,2020,5,10,1,13,28
302,51.516078,-0.08498,2020,5,10,4,9,10
303,51.516078,-0.08498,2020,5,10,5,21,14
304,51.518864,-0.097562,2020,5,11,10,15,53
305,51.518864,-0.097562,2020,5,11,10,18,41
306,51.515728,-0.078393,2020,5,11,10,53,58
307,51.511625,-0.081549,2020,5,12,2,34,38
308,51.511625,-0.081549,2020,5,12,2,41,20
309,51.506255,-0.074901,2020,5,13,0,50,9
310,51.506255,-0.074901,2020,5,13,1,25,34
311,51.511711,-0.07421,2020,5,13,11,42,54
312,51.513447,-0.093493,2020,5,16,4,28,7
313,51.513952,-0.085833,2020,5,16,9,57,55
314,51.512147,-0.092077,2020,5,17,3,57,55
315,51.515484,-0.088233,2020,5,19,3,18,54
316,51.540568,0.002083,2020,5,19,9,36,46
317,51.51283,-0.108175,2020,5,19,10,24,49
318,51.513928,-0.108231,2020,5,20,0,46,3
319,51.513928,-0.108231,2020,5,20,0,46,34
320,51.51121,-0.094206,2020,5,20,0,53,22
321,51.592365,-0.082452,2020,5,20,4,20,26
322,51.517032,-0.089451,2020,5,21,1,29,37
323,51.519358,-0.090348,2020,5,22,0,30,51
324,51.583366,-0.072178,2020,5,22,0,34,10
325,51.520744,-0.089858,2020,5,22,2,9,37
326,51.516351,-0.082965,2020,5,24,8,30,36
327,51.575664,-0.072432,2020,5,25,2,31,17
328,51.512147,-0.092077,2020,5,25,4,12,56
329,51.512791,-0.101274,2020,5,26,0,31,44
330,51.506338,-0.088227,2020,5,30,5,58,57
331,51.506338,-0.088227,2020,5,30,6,0,35
332,51.506255,-0.074901,2020,6,2,3,6,55
333,51.514513,-0.096561,2020,6,2,6,41,19
334,51.510913,-0.101395,2020,6,3,2,42,33
335,51.510913,-0.101395,2020,6,3,3,20,9
336,51.517032,-0.089451,2020,6,3,8,36,28
337,51.517032,-0.089451,2020,6,3,10,57,38
338,51.51768,-0.078484,2020,6,4,11,28,49
339,51.513051,-0.104001,2020,6,5,2,59,45
340,51.513051,-0.104001,2020,6,5,3,2,46
341,51.517032,-0.089451,2020,6,9,9,37,36
342,51.51972,-0.099933,2020,6,10,0,49,48
343,51.516351,-0.082965,2020,6,10,8,20,9
344,51.506255,-0.074901,2020,6,11,3,36,36
345,51.506255,-0.074901,2020,6,11,3,50,12
346,51.512598,-0.084967,2020,6,11,4,50,40
347,51.5169,-0.084095,2020,6,12,1,18,3
348,51.5169,-0.084095,2020,6,12,4,17,19
349,51.515504,-0.07627,2020,6,14,4,22,40
350,51.512598,-0.084967,2020,6,14,7,19,24
351,51.509547,-0.076031,2020,6,15,0,57,49
352,51.509547,-0.076031,2020,6,15,1,10,53
353,51.513355,-0.089475,2020,6,17,1,6,57
354,51.518029,-0.082722,2020,6,17,1,35,18
355,51.517032,-0.089451,2020,6,17,3,6,39
356,51.514203,-0.094628,2020,6,18,5,21,41
357,51.515196,-0.071772,2020,6,18,6,35,10
358,51.51992,-0.056696,2020,6,18,9,12,24
359,51.516894,-0.076067,2020,6,19,5,6,37
360,51.511625,-0.081549,2020,6,19,7,40,45
361,51.510868,-0.0969,2020,6,20,8,12,33
362,51.513114,-0.086272,2020,6,20,11,19,59
363,51.515033,-0.07825,2020,6,21,3,8,22
364,51.516814,-0.08162,2020,6,21,3,35,16
365,51.518799,-0.077601,2020,6,21,5,15,38
366,51.506255,-0.074901,2020,6,21,10,34,56
367,51.51121,-0.094206,2020,6,22,1,35,51
368,51.51142,-0.097699,2020,6,22,3,39,5
369,51.51142,-0.097699,2020,6,22,4,11,23
370,51.516814,-0.08162,2020,6,22,7,0,29
371,51.516814,-0.08162,2020,6,22,9,51,21
372,51.509848,-0.104494,2020,6,23,1,0,50
373,51.51868,-0.085173,2020,6,23,4,26,52
374,51.51768,-0.078484,2020,6,23,5,13,34
375,51.519017,-0.099818,2020,6,24,4,59,43
376,51.515307,-0.097277,2020,6,24,8,56,12
377,51.516347,-0.104887,2020,6,25,0,23,16
378,51.514151,-0.074958,2020,6,26,8,22,20
379,51.51265,-0.101452,2020,6,27,5,2,13
380,51.51265,-0.101452,2020,6,27,5,7,39
381,51.517576,-0.079786,2020,6,27,11,2,15
382,51.517576,-0.079786,2020,6,27,11,2,44
383,51.511625,-0.081549,2020,6,29,5,50,13
384,51.516006,-0.080573,2020,6,29,6,14,16
385,51.514158,-0.100179,2020,6,29,6,29,55
386,51.514804,-0.080782,2020,6,29,8,0,50
387,51.516006,-0.080573,2020,6,29,8,13,2
388,51.512117,-0.102411,2020,7,1,3,10,5
389,51.512117,-0.102411,2020,7,1,3,10,5
390,51.512117,-0.102411,2020,7,1,3,16,33
391,51.512117,-0.102411,2020,7,1,3,16,33
392,51.518864,-0.097562,2020,7,3,3,28,28
393,51.518864,-0.097562,2020,7,3,3,28,28
394,51.517244,-0.080376,2020,7,3,9,19,37
395,51.517244,-0.080376,2020,7,3,9,19,37
396,51.514151,-0.074958,2020,7,4,6,4,21
397,51.514151,-0.074958,2020,7,4,6,4,21
398,51.522233,-0.107382,2020,7,4,10,54,43
399,51.522233,-0.107382,2020,7,4,10,54,43
400,51.516767,-0.098572,2020,7,5,1,20,53
401,51.516767,-0.098572,2020,7,5,1,20,53
402,51.515504,-0.07627,2020,7,5,1,23,29
403,51.515504,-0.07627,2020,7,5,1,23,29
404,51.516767,-0.098572,2020,7,5,1,23,54
405,51.516767,-0.098572,2020,7,5,1,23,54
406,51.516767,-0.098572,2020,7,5,1,27,31
407,51.516767,-0.098572,2020,7,5,1,27,31
408,51.515504,-0.07627,2020,7,5,1,58,37
409,51.515504,-0.07627,2020,7,5,1,58,37
410,51.514457,-0.073849,2020,7,5,10,31,7
411,51.514457,-0.073849,2020,7,5,10,31,7
412,51.510014,-0.081516,2020,7,6,0,41,18
413,51.510014,-0.081516,2020,7,6,0,41,18
414,51.518864,-0.097562,2020,7,8,6,40,19
415,51.518864,-0.097562,2020,7,8,6,40,19
416,51.521667,-0.067145,2020,7,9,6,10,44
417,51.521667,-0.067145,2020,7,9,6,10,44
418,51.513928,-0.108231,2020,7,9,8,7,41
419,51.513928,-0.108231,2020,7,9,8,7,41
420,51.515307,-0.097277,2020,7,9,10,0,11
421,51.515307,-0.097277,2020,7,9,10,0,11
422,51.515142,-0.097645,2020,7,9,11,26,21
423,51.515142,-0.097645,2020,7,9,11,26,21
424,51.514158,-0.100179,2020,7,10,1,33,3
425,51.514158,-0.100179,2020,7,10,1,33,3
426,51.51121,-0.094206,2020,7,10,3,47,21
427,51.51121,-0.094206,2020,7,10,3,47,21
428,51.516814,-0.08162,2020,7,10,6,24,11
429,51.516814,-0.08162,2020,7,10,6,24,11
430,51.516814,-0.08162,2020,7,11,2,26,19
431,51.516814,-0.08162,2020,7,11,2,26,19
432,51.513377,-0.096363,2020,7,12,3,42,12
433,51.513377,-0.096363,2020,7,12,3,42,12
434,51.51768,-0.078484,2020,7,13,3,34,6
435,51.51768,-0.078484,2020,7,13,3,34,6
436,51.508587,-0.078924,2020,7,13,3,42,20
437,51.508587,-0.078924,2020,7,13,3,42,20
438,51.508587,-0.078924,2020,7,13,4,42,33
439,51.508587,-0.078924,2020,7,13,4,42,33
440,51.516508,-0.079398,2020,7,13,10,50,11
441,51.516508,-0.079398,2020,7,13,10,50,11
442,51.51265,-0.101452,2020,7,14,1,3,17
443,51.51265,-0.101452,2020,7,14,1,3,17
444,51.513952,-0.085833,2020,7,14,2,25,20
445,51.513952,-0.085833,2020,7,14,2,25,20
446,51.511386,-0.092296,2020,7,14,9,58,31
447,51.511386,-0.092296,2020,7,14,9,58,31
448,51.511625,-0.081549,2020,7,15,8,29,50
449,51.511625,-0.081549,2020,7,15,8,29,50
450,51.514753,-0.082571,2020,7,15,8,30,46
451,51.514753,-0.082571,2020,7,15,8,30,46
452,51.5169,-0.084095,2020,7,16,3,2,18
453,51.5169,-0.084095,2020,7,16,3,2,18
454,51.518462,-0.093845,2020,7,16,3,11,17
455,51.518462,-0.093845,2020,7,16,3,11,17
456,51.513377,-0.096363,2020,7,16,4,22,38
457,51.513377,-0.096363,2020,7,16,4,22,38
458,51.517032,-0.089451,2020,7,16,6,44,42
459,51.517032,-0.089451,2020,7,16,6,44,42
460,51.514501,-0.089716,2020,7,17,1,47,14
461,51.514501,-0.089716,2020,7,17,1,47,14
462,51.516233,-0.077392,2020,7,19,1,1,44
463,51.516233,-0.077392,2020,7,19,1,1,44
464,51.513377,-0.096363,2020,7,20,7,52,9
465,51.513377,-0.096363,2020,7,20,7,52,9
466,51.514203,-0.094628,2020,7,20,9,35,16
467,51.514203,-0.094628,2020,7,20,9,35,16
468,51.520846,-0.100593,2020,7,21,0,12,46
469,51.520846,-0.100593,2020,7,21,0,12,46
470,51.519312,-0.103597,2020,7,21,0,38,57
471,51.519312,-0.103597,2020,7,21,0,38,57
472,51.519312,-0.103597,2020,7,21,2,4,57
473,51.519312,-0.103597,2020,7,21,2,4,57
474,51.509848,-0.104494,2020,7,21,3,38,38
475,51.509848,-0.104494,2020,7,21,3,38,38
476,51.511053,-0.075722,2020,7,21,6,32,0
477,51.511053,-0.075722,2020,7,21,6,32,0
478,51.520985,-0.078749,2020,7,22,2,40,0
479,51.520985,-0.078749,2020,7,22,2,40,0
480,51.506255,-0.074901,2020,7,22,2,41,41
481,51.506255,-0.074901,2020,7,22,2,41,41
482,51.516814,-0.08162,2020,7,22,5,0,16
483,51.516814,-0.08162,2020,7,22,5,0,16
484,51.516814,-0.08162,2020,7,22,8,0,38
485,51.516814,-0.08162,2020,7,22,8,0,38
486,51.515606,-0.094094,2020,7,22,9,5,18
487,51.515606,-0.094094,2020,7,22,9,5,18
488,51.516497,-0.094115,2020,7,22,9,18,26
489,51.516497,-0.094115,2020,7,22,9,18,26
490,51.521038,-0.078718,2020,7,23,11,26,32
491,51.521038,-0.078718,2020,7,23,11,26,32
492,51.517231,-0.079613,2020,7,24,0,14,6
493,51.517231,-0.079613,2020,7,24,0,14,6
494,51.517196,-0.085149,2020,7,24,0,45,44
495,51.517196,-0.085149,2020,7,24,0,45,44
496,51.518511,-0.08531,2020,7,24,1,23,41
497,51.518511,-0.08531,2020,7,24,1,23,41
498,51.517231,-0.079613,2020,7,24,1,41,10
499,51.517231,-0.079613,2020,7,24,1,41,10
500,51.513268,-0.100202,2020,7,24,8,24,45
501,51.513268,-0.100202,2020,7,24,8,24,45
502,51.516814,-0.08162,2020,7,25,1,31,22
503,51.516814,-0.08162,2020,7,25,1,31,22
504,51.516814,-0.08162,2020,7,25,1,43,47
505,51.516814,-0.08162,2020,7,25,1,43,47
506,51.516814,-0.08162,2020,7,25,3,28,22
507,51.516814,-0.08162,2020,7,25,3,28,22
508,51.510671,-0.084284,2020,7,25,3,31,41
509,51.510671,-0.084284,2020,7,25,3,31,41
510,51.516814,-0.08162,2020,7,25,4,51,15
511,51.516814,-0.08162,2020,7,25,4,51,15
512,51.516814,-0.08162,2020,7,25,5,0,37
513,51.516814,-0.08162,2020,7,25,5,0,37
514,51.518262,-0.097053,2020,7,25,7,22,8
515,51.518262,-0.097053,2020,7,25,7,22,8
516,51.512888,-0.094482,2020,7,27,2,1,20
517,51.512888,-0.094482,2020,7,27,2,1,20
518,51.525234,-0.128521,2020,7,27,11,50,11
519,51.525234,-0.128521,2020,7,27,11,50,11
520,51.512027,-0.082527,2020,7,28,6,0,10
521,51.512027,-0.082527,2020,7,28,6,0,10
522,51.512027,-0.082527,2020,7,28,7,53,40
523,51.512027,-0.082527,2020,7,28,7,53,40
524,51.52331,-0.098342,2020,7,29,0,45,4
525,51.52331,-0.098342,2020,7,29,0,45,4
526,51.516814,-0.08162,2020,7,29,6,4,34
527,51.516814,-0.08162,2020,7,29,6,4,34
528,51.513769,-0.076833,2020,7,30,2,59,43
529,51.513769,-0.076833,2020,7,30,2,59,43
530,51.51539,-0.070437,2020,7,30,8,52,15
531,51.51539,-0.070437,2020,7,30,8,52,15
532,51.517032,-0.089451,2020,7,31,3,27,44
533,51.517032,-0.089451,2020,7,31,3,27,44
534,51.51768,-0.078484,2020,7,31,5,2,27
535,51.51768,-0.078484,2020,7,31,5,2,27
536,51.52051,-0.08158,2020,7,31,8,17,28
537,51.52051,-0.08158,2020,7,31,8,17,28
538,51.504764,-0.113192,2020,7,31,9,1,11
539,51.504764,-0.113192,2020,7,31,9,1,11
540,51.521038,-0.078718,2020,8,3,4,3,46
541,51.514203,-0.094628,2020,8,3,4,39,2
542,51.509532,-0.088843,2020,8,4,0,23,8
543,51.509532,-0.088843,2020,8,4,0,29,22
544,51.518864,-0.097562,2020,8,5,6,16,28
545,51.515606,-0.094094,2020,8,6,3,38,28
546,51.513447,-0.093493,2020,8,6,4,14,38
547,51.514763,-0.075508,2020,8,7,7,2,47
548,51.514367,-0.076592,2020,8,7,7,33,18
549,51.51792,-0.092628,2020,8,8,1,18,7
550,51.513389,-0.080034,2020,8,8,8,45,41
551,51.518864,-0.097562,2020,8,8,9,21,7
552,51.510868,-0.0969,2020,8,9,1,56,31
553,51.512387,-0.082512,2020,8,9,2,11,50
554,51.512387,-0.082512,2020,8,9,3,11,54
555,51.518864,-0.097562,2020,8,9,3,15,3
556,51.512147,-0.092077,2020,8,10,9,45,19
557,51.514457,-0.073849,2020,8,11,2,34,2
558,51.514203,-0.094628,2020,8,11,8,0,44
559,51.509848,-0.104494,2020,8,12,0,46,13
560,51.517244,-0.080376,2020,8,12,1,56,52
561,51.516351,-0.082965,2020,8,12,2,20,38
562,51.510494,-0.084983,2020,8,12,4,49,5
563,51.511794,-0.088042,2020,8,12,8,30,0
564,51.516347,-0.104887,2020,8,13,2,16,19
565,51.514203,-0.094628,2020,8,13,4,11,47
566,51.517244,-0.080376,2020,8,13,4,52,58
567,51.508066,-0.08778,2020,8,14,1,42,37
568,51.516767,-0.098572,2020,8,15,1,14,57
569,51.519703,-0.101649,2020,8,16,0,31,56
570,51.510795,-0.077578,2020,8,16,7,14,30
571,51.510795,-0.077578,2020,8,16,7,20,37
572,51.510795,-0.077578,2020,8,16,7,25,27
573,51.510795,-0.077578,2020,8,16,7,32,58
574,51.525017,-0.035504,2020,8,17,4,44,32
575,51.515331,-0.089364,2020,8,18,4,57,45
576,51.510014,-0.081516,2020,8,18,7,44,28
577,51.511923,-0.086624,2020,8,18,10,32,41
578,51.514203,-0.094628,2020,8,19,2,33,32
579,51.514461,-0.092268,2020,8,19,6,14,58
580,51.51768,-0.078484,2020,8,19,11,45,17
581,51.509848,-0.104494,2020,8,20,2,44,53
582,51.516814,-0.08162,2020,8,21,2,26,22
583,51.52029,-0.078591,2020,8,21,2,38,28
584,51.518375,-0.10293,2020,8,22,2,1,58
585,51.517244,-0.080376,2020,8,22,5,11,2
586,51.519015,-0.086976,2020,8,24,3,43,6
587,51.513355,-0.089475,2020,8,24,4,30,13
588,51.513355,-0.089475,2020,8,24,7,42,7
589,51.512147,-0.092077,2020,8,25,4,37,10
590,51.513885,-0.102741,2020,8,27,3,41,38
591,51.513389,-0.080034,2020,8,27,10,8,1
592,51.517244,-0.080376,2020,8,28,0,14,47
593,51.51768,-0.078484,2020,8,28,9,27,18
594,51.51104,-0.113726,2020,8,28,10,30,22
595,51.516351,-0.082965,2020,8,29,4,2,38
596,51.516347,-0.104887,2020,8,29,6,47,41
597,51.509848,-0.104494,2020,8,31,2,45,22
598,51.516814,-0.08162,2020,8,31,3,32,53
599,51.516814,-0.08162,2020,8,31,3,41,43
600,51.516814,-0.08162,2020,8,31,3,58,20
601,51.516814,-0.08162,2020,8,31,4,9,58
602,51.516814,-0.08162,2020,8,31,4,21,8
603,51.523637,-0.076532,2020,8,31,8,41,57
604,51.509848,-0.104494,2020,8,31,11,5,44
605,51.519812,-0.093933,2020,9,1,7,43,34
606,51.517149,-0.08776,2020,9,1,8,34,25
607,51.511625,-0.081549,2020,9,3,2,30,10
608,51.512598,-0.084967,2020,9,3,8,17,4
609,51.512108,-0.097973,2020,9,5,0,33,56
610,51.517149,-0.08776,2020,9,5,0,47,16
611,51.509757,-0.083386,2020,9,6,1,6,36
612,51.516814,-0.08162,2020,9,6,7,59,26
613,51.514203,-0.094628,2020,9,8,1,28,5
614,51.514203,-0.094628,2020,9,8,1,31,30
615,51.516497,-0.094115,2020,9,8,11,51,9
616,51.516814,-0.08162,2020,9,9,5,20,13
617,51.518864,-0.097562,2020,9,10,2,32,4
618,51.515033,-0.07825,2020,9,11,3,39,1
619,51.517058,-0.083296,2020,9,12,1,14,26
620,51.513114,-0.086272,2020,9,12,1,21,19
621,51.511133,-0.096659,2020,9,12,6,23,41
622,51.517058,-0.083296,2020,9,12,7,7,29
623,51.509547,-0.076031,2020,9,13,1,30,10
624,51.509547,-0.076031,2020,9,13,2,7,9
625,51.51768,-0.078484,2020,9,13,3,4,59
626,51.510795,-0.077578,2020,9,13,8,23,34
627,51.516814,-0.08162,2020,9,14,10,13,19
628,51.517231,-0.079613,2020,9,15,5,34,46
629,51.517058,-0.083296,2020,9,16,0,22,54
630,51.514203,-0.094628,2020,9,16,8,5,28
631,51.517431,-0.082458,2020,9,17,6,12,7
632,51.517032,-0.089451,2020,9,17,6,55,10
633,51.506255,-0.074901,2020,9,17,9,18,30
634,51.514203,-0.094628,2020,9,17,11,18,33
635,51.517196,-0.085149,2020,9,18,0,46,44
636,51.511916,-0.076853,2020,9,18,5,1,39
637,51.513171,-0.077694,2020,9,18,5,28,8
638,51.511916,-0.076853,2020,9,18,5,34,5
639,51.513389,-0.080034,2020,9,18,8,22,48
640,51.516508,-0.079398,2020,9,21,1,38,12
641,51.517032,-0.089451,2020,9,21,5,10,29
642,51.509313,-0.07385,2020,9,21,7,10,20
643,51.511749,-0.108018,2020,9,22,3,33,3
644,51.512598,-0.084967,2020,9,23,10,32,10
645,51.517244,-0.080376,2020,9,24,0,34,15
646,51.515728,-0.078393,2020,9,24,1,1,14
647,51.510182,-0.092865,2020,9,24,5,39,20
648,51.515728,-0.078393,2020,9,24,5,59,12
649,51.509614,-0.079011,2020,9,26,0,27,39
650,51.516006,-0.080573,2020,9,27,0,22,49
651,51.516347,-0.104887,2020,9,28,1,1,53
652,51.513171,-0.077694,2020,9,28,6,13,25
653,51.510828,-0.086166,2020,9,28,6,55,59
654,51.516767,-0.098572,2020,9,29,1,44,43
655,51.516814,-0.08162,2020,9,29,2,50,40
656,51.514203,-0.094628,2020,9,30,5,41,48
657,51.513389,-0.080034,2020,9,30,8,46,12
658,51.513389,-0.080034,2020,9,30,9,56,35
659,51.514203,-0.094628,2020,9,30,10,53,35
660,51.512598,-0.084967,2020,10,2,7,35,19
661,51.510795,-0.077578,2020,10,2,8,47,43
662,51.513377,-0.096363,2020,10,2,9,12,33
663,51.512678,-0.079444,2020,10,3,0,33,17
664,51.516347,-0.104887,2020,10,3,6,53,52
665,51.517244,-0.080376,2020,10,3,7,28,23
666,51.51265,-0.101452,2020,10,3,8,20,26
667,51.516814,-0.08162,2020,10,4,5,51,24
668,51.516814,-0.08162,2020,10,4,6,12,31
669,51.513928,-0.108231,2020,10,7,0,18,32
670,51.514203,-0.094628,2020,10,7,4,20,50
671,51.517244,-0.080376,2020,10,7,5,22,44
672,51.517244,-0.080376,2020,10,7,9,58,13
673,51.516347,-0.104887,2020,10,8,9,6,1
674,51.517231,-0.079613,2020,10,8,10,25,13
675,51.516814,-0.08162,2020,10,8,11,7,53
676,51.51953,-0.087084,2020,10,9,1,27,8
677,51.51953,-0.087084,2020,10,9,1,30,40
678,51.506255,-0.074901,2020,10,9,2,22,41
679,51.511812,-0.089698,2020,10,9,7,40,52
680,51.513447,-0.093493,2020,10,9,11,23,22
681,51.509313,-0.07385,2020,10,10,0,6,7
682,51.506255,-0.074901,2020,10,10,1,15,33
683,51.506255,-0.074901,2020,10,10,5,2,34
684,51.506255,-0.074901,2020,10,10,5,47,43
685,51.514457,-0.073849,2020,10,13,3,51,4
686,51.512952,-0.096814,2020,10,13,5,3,38
687,51.512952,-0.096814,2020,10,13,5,4,28
688,51.513885,-0.102741,2020,10,13,6,2,57
689,51.516814,-0.08162,2020,10,13,9,17,35
690,51.515033,-0.07825,2020,10,14,7,56,2
691,51.523156,-0.09721,2020,10,15,2,1,32
692,51.523156,-0.09721,2020,10,15,2,12,33
693,51.514203,-0.094628,2020,10,16,1,11,18
694,51.512598,-0.084967,2020,10,16,1,37,9
695,51.518046,-0.077777,2020,10,16,1,56,23
696,51.516814,-0.08162,2020,10,16,8,39,37
697,51.516347,-0.104887,2020,10,16,8,58,57
698,51.518709,-0.101345,2020,10,19,0,23,35
699,51.506255,-0.074901,2020,10,19,0,36,26
700,51.513454,-0.09172,2020,10,20,8,34,25
701,51.513454,-0.09172,2020,10,21,7,44,27
702,51.516814,-0.08162,2020,10,21,9,10,45
703,51.509775,-0.085014,2020,10,22,3,58,25
704,51.513552,-0.101055,2020,10,22,4,2,51
705,51.513552,-0.101055,2020,10,22,4,10,35
706,51.509848,-0.104494,2020,10,22,4,55,31
707,51.511625,-0.081549,2020,10,22,8,29,13
708,51.509757,-0.083386,2020,10,22,10,53,15
709,51.516047,-0.075411,2020,10,23,3,15,14
710,51.516047,-0.075411,2020,10,23,3,21,6
711,51.51539,-0.070437,2020,10,23,4,17,52
712,51.52108,-0.091732,2020,10,24,3,53,34
713,51.52108,-0.091732,2020,10,24,3,54,55
714,51.51265,-0.101452,2020,10,26,6,0,13
715,51.512598,-0.084967,2020,10,26,11,49,44
716,51.517431,-0.082458,2020,10,26,12,13,11
717,51.518262,-0.088203,2020,10,27,1,44,7
718,51.518511,-0.08531,2020,10,30,2,47,30
719,51.518511,-0.08531,2020,10,30,3,3,53
720,51.518433,-0.078856,2020,10,30,6,37,55
721,51.517431,-0.082458,2020,10,30,8,38,26
722,51.517431,-0.082458,2020,10,30,10,17,31
723,51.518189,-0.082628,2020,10,30,10,36,55
724,51.518619,-0.088621,2020,10,30,10,40,20
725,51.517431,-0.082458,2020,10,30,11,21,8
726,51.510626,-0.039135,2020,10,30,12,15,36
727,51.518189,-0.082628,2020,10,31,9,18,38
728,51.514203,-0.094628,2020,11,2,9,31,6
729,51.50932,-0.084701,2020,11,3,4,14,48
730,51.513171,-0.077694,2020,11,3,10,1,12
731,51.51392,-0.093257,2020,11,4,11,28,38
732,51.51868,-0.085173,2020,11,5,2,6,35
733,51.517678,-0.107672,2020,11,5,3,24,15
734,51.516351,-0.082965,2020,11,5,5,51,13
735,51.517149,-0.08776,2020,11,5,10,17,59
736,51.510182,-0.092865,2020,11,6,4,34,22
737,51.512598,-0.084967,2020,11,6,8,6,32
738,51.51768,-0.078484,2020,11,6,10,7,14
739,51.51265,-0.101452,2020,11,6,10,36,27
740,51.516814,-0.08162,2020,11,6,10,39,26
741,51.510182,-0.092865,2020,11,6,12,36,44
742,51.517244,-0.080376,2020,11,7,5,10,59
743,51.516814,-0.08162,2020,11,7,6,59,4
744,51.518433,-0.078856,2020,11,8,3,56,22
745,51.510182,-0.092865,2020,11,9,3,46,21
746,51.517244,-0.080376,2020,11,9,8,43,24
747,51.516814,-0.08162,2020,11,9,11,8,59
748,51.516814,-0.08162,2020,11,11,4,43,51
749,51.517431,-0.082458,2020,11,11,8,28,31
750,51.51713,-0.107147,2020,11,12,4,12,11
751,51.525044,-0.094392,2020,11,12,4,46,36
752,51.514753,-0.082571,2020,11,13,5,13,25
753,51.518189,-0.082628,2020,11,13,7,19,32
754,51.51792,-0.092628,2020,11,13,8,7,31
755,51.51862,-0.094747,2020,11,14,7,39,35
756,51.512598,-0.084967,2020,11,17,1,28,52
757,51.520059,-0.084251,2020,11,17,4,12,26
758,51.51118,-0.073065,2020,11,17,10,56,5
759,51.509848,-0.104494,2020,11,18,5,11,51
760,51.516834,-0.076199,2020,11,18,7,19,46
761,51.508971,-0.078779,2020,11,18,8,24,25
762,51.518029,-0.082722,2020,11,19,2,48,58
763,51.514203,-0.094628,2020,11,19,3,46,29
764,51.510148,-0.077029,2020,11,20,8,12,26
765,51.512147,-0.092077,2020,11,20,9,21,56
766,51.51868,-0.085173,2020,11,20,11,0,18
767,51.5169,-0.084095,2020,11,22,12,3,53
768,51.520206,-0.097736,2020,11,22,12,38,41
769,51.511445,-0.07608,2020,11,23,1,59,19
770,51.512462,-0.076095,2020,11,23,5,1,47
771,51.525851,-0.055882,2020,11,23,5,52,36
772,51.512598,-0.084967,2020,11,24,2,44,12
773,51.509532,-0.088843,2020,11,24,4,40,3
774,51.509876,-0.086278,2020,11,25,2,29,15
775,51.546265,-0.071727,2020,11,25,4,49,22
776,51.528493,-0.091394,2020,11,25,11,16,40
777,51.512856,-0.073254,2020,11,26,4,5,13
778,51.512856,-0.073254,2020,11,26,4,25,22
779,51.518864,-0.097562,2020,11,26,5,0,51
780,51.513377,-0.096363,2020,11,26,10,20,42
781,51.513377,-0.096363,2020,11,26,11,43,25
782,51.516814,-0.08162,2020,11,27,5,11,12
783,51.513377,-0.096363,2020,11,27,12,45,20
784,51.506255,-0.074901,2020,11,28,2,30,2
785,51.506255,-0.074901,2020,11,28,2,36,40
786,51.516814,-0.08162,2020,11,28,6,51,6
787,51.517058,-0.083296,2020,11,28,9,38,16
788,51.517149,-0.08776,2020,11,28,11,51,43
789,51.506255,-0.074901,2020,11,28,12,45,24
790,51.508066,-0.08778,2020,11,29,3,43,2
791,51.516814,-0.08162,2020,11,29,12,13,39
792,51.514804,-0.080782,2020,11,30,4,22,25
793,51.509547,-0.076031,2020,11,30,4,28,2
794,51.516934,-0.073543,2020,11,30,5,34,43
795,51.516934,-0.073543,2020,11,30,5,37,23
796,51.516934,-0.073543,2020,11,30,5,40,10
797,51.516934,-0.073543,2020,11,30,5,42,30
798,51.511053,-0.075722,2020,11,30,8,37,21
799,51.534382,-0.057321,2020,12,2,1,6,59
800,51.517149,-0.08776,2020,12,2,6,10,18
801,51.52051,-0.08158,2020,12,2,8,55,23
802,51.510004,-0.07323,2020,12,3,10,8,42
803,51.515728,-0.078393,2020,12,5,2,15,48
804,51.515546,-0.070056,2020,12,5,4,17,47
805,51.513606,-0.083959,2020,12,5,7,36,44
806,51.522615,-0.077253,2020,12,5,7,58,50
807,51.522615,-0.077253,2020,12,5,9,48,21
808,51.51494,-0.079162,2020,12,6,2,26,16
809,51.522615,-0.077253,2020,12,6,5,56,23
810,51.51265,-0.101452,2020,12,7,7,35,20
811,51.514158,-0.100179,2020,12,7,8,35,2
812,51.514158,-0.100179,2020,12,7,9,4,1
813,51.506255,-0.074901,2020,12,8,12,55,29
814,51.506255,-0.074901,2020,12,9,2,45,0
815,51.50993,-0.068161,2020,12,9,5,37,54
816,51.507339,-0.108388,2020,12,9,7,58,59
817,51.513114,-0.086272,2020,12,9,8,4,27
818,51.513454,-0.09172,2020,12,9,10,45,25
819,51.517431,-0.082458,2020,12,10,12,9,50
820,51.510786,-0.068816,2020,12,11,1,12,19
821,51.509775,-0.085014,2020,12,11,12,5,41
822,51.513377,-0.096363,2020,12,12,2,42,13
823,51.517032,-0.089451,2020,12,12,11,10,20
824,51.51768,-0.078484,2020,12,13,5,10,15
825,51.515196,-0.071772,2020,12,14,4,20,6
826,51.512391,-0.093796,2020,12,15,4,1,28
827,51.52181,-0.097929,2020,12,16,2,47,32
828,51.517032,-0.089451,2020,12,16,9,58,9
829,51.50932,-0.084701,2020,12,18,6,50,37
830,51.517244,-0.080376,2020,12,18,11,47,22
831,51.511445,-0.07608,2020,12,19,7,27,50
832,51.516814,-0.08162,2020,12,20,12,58,37
833,51.521567,-0.097334,2020,12,22,8,8,22
834,51.516814,-0.08162,2020,12,23,1,7,45
835,51.514501,-0.089716,2020,12,27,9,4,2
836,51.511053,-0.075722,2020,12,27,12,48,23
837,51.513171,-0.077694,2020,12,30,11,36,8
838,51.509532,-0.088843,2020,12,31,2,26,2
839,51.513171,-0.077694,2020,12,31,12,16,22
840,51.509532,-0.088843,2020,12,31,12,24,26
841,51.513171,-0.077694,2020,12,31,12,49,17
842,51.51768,-0.078484,2021,1,1,1,41,28
843,51.510868,-0.0969,2021,1,1,6,54,55
844,51.513928,-0.108231,2021,1,1,12,15,28
845,51.514151,-0.074958,2021,1,3,3,30,33
846,51.510671,-0.084284,2021,1,3,5,8,15
847,51.51768,-0.078484,2021,1,9,4,55,15
848,51.517678,-0.107672,2021,1,9,11,43,23
849,51.51768,-0.078484,2021,1,9,12,11,28
850,51.51768,-0.078484,2021,1,10,1,19,9
851,51.511749,-0.108018,2021,1,10,3,39,44
852,51.516508,-0.079398,2021,1,10,11,8,49
853,51.517032,-0.089451,2021,1,11,7,40,51
854,51.517149,-0.08776,2021,1,11,8,22,2
855,51.513114,-0.086272,2021,1,13,4,12,35
856,51.520658,-0.094546,2021,1,15,7,49,58
857,51.510004,-0.07323,2021,1,16,7,41,25
858,51.516814,-0.08162,2021,1,17,2,20,15
859,51.512598,-0.084967,2021,1,17,7,39,20
860,51.516814,-0.08162,2021,1,17,8,48,18
861,51.51142,-0.097699,2021,1,18,4,13,12
862,51.516814,-0.08162,2021,1,20,8,23,15
863,51.512856,-0.073254,2021,1,25,7,31,20
864,51.527648,-0.118676,2021,1,26,6,21,2
865,51.510873,-0.105561,2021,1,26,9,16,8
866,51.509344,-0.080665,2021,1,27,8,30,39
867,51.509344,-0.080665,2021,1,27,8,42,50
868,51.510315,-0.053373,2021,1,28,6,8,53
869,51.510315,-0.053373,2021,1,28,6,19,14
870,51.51792,-0.092628,2021,1,30,1,19,45
871,51.517032,-0.089451,2021,1,30,1,19,45
872,51.516814,-0.08162,2021,1,30,1,41,20
873,51.517244,-0.080376,2021,2,2,4,21,13
874,51.510182,-0.092865,2021,2,2,7,48,41
875,51.51121,-0.094206,2021,2,2,8,35,26
876,51.510182,-0.092865,2021,2,4,5,47,43
877,51.511554,-0.079448,2021,2,4,7,16,59
878,51.511554,-0.079448,2021,2,4,8,46,43
879,51.518511,-0.08531,2021,2,5,4,21,6
880,51.509532,-0.088843,2021,2,5,9,23,48
881,51.513581,-0.108418,2021,2,6,10,1,15
882,51.520699,-0.097601,2021,2,8,11,3,14
883,51.506255,-0.074901,2021,2,12,7,5,46
884,51.510868,-0.0969,2021,2,17,6,20,17
885,51.517244,-0.080376,2021,2,17,9,27,51
886,51.506255,-0.074901,2021,2,18,5,6,12
887,51.516078,-0.08498,2021,2,18,8,9,30
888,51.516078,-0.08498,2021,2,18,8,22,33
889,51.516078,-0.08498,2021,2,18,8,57,36
890,51.516078,-0.08498,2021,2,18,9,33,1
891,51.516078,-0.08498,2021,2,18,9,39,3
892,51.510671,-0.084284,2021,2,18,12,42,59
893,51.517032,-0.089451,2021,2,19,8,30,47
894,51.517032,-0.089451,2021,2,19,10,25,7
895,51.516814,-0.08162,2021,2,21,5,27,3
896,51.51862,-0.094747,2021,2,22,6,49,36
897,51.51862,-0.094747,2021,2,22,6,52,50
898,51.517032,-0.089451,2021,2,23,3,46,54
899,51.516814,-0.08162,2021,2,23,5,36,1
900,51.510786,-0.068816,2021,2,23,10,28,59
901,51.511625,-0.081549,2021,2,24,10,12,32
902,51.509848,-0.104494,2021,2,26,2,24,53
903,51.522734,-0.102748,2021,2,26,3,4,9
904,51.509848,-0.104494,2021,2,26,8,22,33
905,51.506255,-0.074901,2021,2,27,6,15,8
906,51.508066,-0.08778,2021,2,27,7,7,12
907,51.525655,-0.090517,2021,2,28,2,15,9
908,51.511224,-0.074115,2021,2,28,3,42,52
909,51.511625,-0.081549,2021,2,28,4,56,34
910,51.516738,-0.111242,2021,2,28,12,2,10
911,51.525655,-0.090517,2021,3,1,3,11,45
912,51.515033,-0.07825,2021,3,2,1,52,58
913,51.512882,-0.084768,2021,3,2,2,57,35
914,51.513627,-0.076435,2021,3,2,9,3,39
915,51.517678,-0.107672,2021,3,3,3,59,49
916,51.512462,-0.076095,2021,3,4,6,58,4
917,51.512462,-0.076095,2021,3,4,7,6,42
918,51.513051,-0.104001,2021,3,4,7,59,31
919,51.512462,-0.076095,2021,3,4,8,49,11
920,51.517938,-0.098148,2021,3,4,12,25,15
921,51.514409,-0.079674,2021,3,5,4,28,46
922,51.522017,-0.109582,2021,3,5,5,55,48
923,51.517032,-0.089451,2021,3,5,9,48,31
924,51.514457,-0.073849,2021,3,6,2,12,33
925,51.516814,-0.08162,2021,3,6,12,16,20
926,51.517032,-0.089451,2021,3,8,4,46,37
927,51.517032,-0.089451,2021,3,8,7,13,26
928,51.507808,-0.07913,2021,3,8,10,12,26
929,51.507808,-0.07913,2021,3,8,10,19,25
930,51.507808,-0.07913,2021,3,8,10,31,14
931,51.510671,-0.084284,2021,3,9,2,55,21
932,51.516814,-0.08162,2021,3,9,10,1,55
933,51.510014,-0.081516,2021,3,10,7,49,49
934,51.510014,-0.081516,2021,3,10,7,59,45
935,51.515037,-0.102794,2021,3,10,12,15,40
936,51.512598,-0.084967,2021,3,11,6,22,44
937,51.512598,-0.084967,2021,3,11,8,42,23
938,51.510671,-0.084284,2021,3,12,4,55,32
939,51.518017,-0.075991,2021,3,12,11,55,28
940,51.513885,-0.102741,2021,3,12,12,35,6
941,51.511053,-0.075722,2021,3,13,2,8,25
942,51.518017,-0.075991,2021,3,13,12,9,41
943,51.51992,-0.056696,2021,3,13,12,22,21
944,51.518262,-0.088203,2021,3,15,12,37,18
945,51.516966,-0.1059,2021,3,16,8,26,28
946,51.516191,-0.086416,2021,3,17,5,14,6
947,51.508066,-0.08778,2021,3,18,2,53,22
948,51.5151,-0.085669,2021,3,18,11,23,19
949,51.52181,-0.097929,2021,3,19,2,7,20
950,51.512598,-0.084967,2021,3,19,6,30,5
951,51.510182,-0.092865,2021,3,20,1,41,38
952,51.510182,-0.092865,2021,3,20,2,18,21
953,51.506255,-0.074901,2021,3,21,2,37,22
954,51.506255,-0.074901,2021,3,21,2,45,56
955,51.517526,-0.108283,2021,3,21,6,16,53
956,51.509876,-0.086278,2021,3,21,6,42,48
957,51.518262,-0.088203,2021,3,22,1,48,50
958,51.506255,-0.074901,2021,3,22,2,12,38
959,51.512791,-0.101274,2021,3,22,8,47,1
960,51.512791,-0.101274,2021,3,22,8,54,51
961,51.509848,-0.104494,2021,3,23,5,54,40
962,51.517032,-0.089451,2021,3,24,6,22,20
963,51.517032,-0.089451,2021,3,24,7,17,23
964,51.515606,-0.094094,2021,3,24,7,59,20
965,51.505458,-0.114389,2021,3,24,8,16,14
966,51.513676,-0.078307,2021,3,24,10,45,19
967,51.525044,-0.094392,2021,3,25,2,0,49
968,51.510671,-0.084284,2021,3,26,2,18,18
969,51.511828,-0.080244,2021,3,26,5,16,18
970,51.516814,-0.08162,2021,3,26,8,6,20
971,51.515739,-0.100632,2021,3,27,2,16,18
972,51.50932,-0.084701,2021,3,27,5,26,51
973,51.513569,-0.086051,2021,3,27,9,3,55
974,51.511053,-0.075722,2021,3,28,1,51,36
975,51.525655,-0.090517,2021,3,28,1,53,0
976,51.506255,-0.074901,2021,3,28,2,55,13
977,51.51768,-0.078484,2021,3,28,7,22,28
978,51.514933,-0.074896,2021,3,28,7,43,17
979,51.506255,-0.074901,2021,3,29,2,14,59
980,51.517244,-0.080376,2021,3,29,6,31,42
981,51.517244,-0.080376,2021,3,29,6,45,17
982,51.513524,-0.090506,2021,3,30,3,22,7
983,51.513524,-0.090506,2021,3,30,3,46,20
984,51.509614,-0.079011,2021,3,30,5,57,21
985,51.513524,-0.090506,2021,3,30,7,39,13
986,51.514921,-0.103419,2021,3,30,9,58,16
987,51.516165,-0.102502,2021,3,30,11,35,31
988,51.51333,-0.105157,2021,3,31,3,37,5
989,51.50932,-0.084701,2021,3,31,6,38,36
990,51.516351,-0.082965,2021,3,31,7,11,29
991,51.513377,-0.096363,2021,3,31,11,13,59
992,51.510148,-0.077029,2021,3,31,11,42,28
993,51.514276,-0.087549,2021,4,1,1,52,11
994,51.524477,-0.100456,2021,4,2,1,18,15
995,51.511879,-0.107148,2021,4,4,4,38,11
996,51.513051,-0.104001,2021,4,5,10,39,30
997,51.518226,-0.111497,2021,4,6,3,16,34
998,51.517032,-0.089451,2021,4,6,8,42,10
999,51.513051,-0.104001,2021,4,6,11,5,21
1000,51.513377,-0.096363,2021,4,7,2,2,11
1001,51.516078,-0.08498,2021,4,7,6,29,46
1002,51.50932,-0.084701,2021,4,7,8,47,40
1003,51.514203,-0.094628,2021,4,7,9,57,47
1004,51.506255,-0.074901,2021,4,8,0,39,8
1005,51.506255,-0.074901,2021,4,8,0,45,2
1006,51.506255,-0.074901,2021,4,8,1,9,37
1007,51.506255,-0.074901,2021,4,8,3,3,43
1008,51.506255,-0.074901,2021,4,8,3,16,30
1009,51.516078,-0.08498,2021,4,8,4,2,47
1010,51.518433,-0.078856,2021,4,8,7,8,8
1011,51.516047,-0.075411,2021,4,9,0,2,47
1012,51.51768,-0.078484,2021,4,9,1,4,44
1013,51.516814,-0.08162,2021,4,9,3,20,46
1014,51.518864,-0.097562,2021,4,9,9,53,56
1015,51.513171,-0.077694,2021,4,11,8,9,57
1016,51.507808,-0.07913,2021,4,12,0,21,7
1017,51.512462,-0.076095,2021,4,13,0,35,6
1018,51.516922,-0.092093,2021,4,13,2,1,25
1019,51.512856,-0.073254,2021,4,13,9,13,35
1020,51.523977,-0.075841,2021,4,13,10,16,42
1021,51.516814,-0.08162,2021,4,13,11,31,55
1022,51.516814,-0.08162,2021,4,13,11,48,3
1023,51.515546,-0.070056,2021,4,14,1,1,29
1024,51.511625,-0.081549,2021,4,14,7,15,9
1025,51.517032,-0.092723,2021,4,15,2,44,9
1026,51.504245,-0.07624,2021,4,15,7,12,6
1027,51.513952,-0.085833,2021,4,16,3,42,38
1028,51.517912,-0.104909,2021,4,16,4,8,55
1029,51.508066,-0.08778,2021,4,16,9,52,37
1030,51.503468,-0.095292,2021,4,17,8,17,1
1031,51.518864,-0.097562,2021,4,17,11,23,4
1032,51.508066,-0.08778,2021,4,17,11,52,4
1033,51.516814,-0.08162,2021,4,17,11,54,21
1034,51.511053,-0.075722,2021,4,18,1,35,6
1035,51.523637,-0.076532,2021,4,18,3,10,31
1036,51.512206,-0.073152,2021,4,18,11,54,7
1037,51.512856,-0.073254,2021,4,20,5,19,36
1038,51.51265,-0.101452,2021,4,20,5,35,4
1039,51.51265,-0.101452,2021,4,20,7,4,22
1040,51.503468,-0.095292,2021,4,20,7,26,44
1041,51.514203,-0.094628,2021,4,21,4,20,8
1042,51.511749,-0.108018,2021,4,21,8,10,56
1043,51.514151,-0.074958,2021,4,22,4,1,33
1044,51.510795,-0.077578,2021,4,22,4,11,32
1045,51.510795,-0.077578,2021,4,22,4,24,18
1046,51.50995,-0.078665,2021,4,22,4,42,59
1047,51.514151,-0.074958,2021,4,22,8,30,11
1048,51.519635,-0.097962,2021,4,23,0,10,59
1049,51.516814,-0.08162,2021,4,23,9,22,8
1050,51.518098,-0.116966,2021,4,24,4,12,55
1051,51.518098,-0.116966,2021,4,24,4,21,35
1052,51.514203,-0.094628,2021,4,25,4,21,57
1053,51.514203,-0.094628,2021,4,25,4,32,0
1054,51.508066,-0.08778,2021,4,27,3,54,10
1055,51.508066,-0.08778,2021,4,27,3,57,4
1056,51.508066,-0.08778,2021,4,27,4,5,44
1057,51.508066,-0.08778,2021,4,27,4,9,39
1058,51.508066,-0.08778,2021,4,27,4,12,5
1059,51.514203,-0.094628,2021,4,27,5,10,21
1060,51.509757,-0.083386,2021,4,28,8,42,53
1061,51.537541,-0.061815,2021,4,30,2,21,5
1062,51.517032,-0.089451,2021,4,30,9,8,18
1063,51.514158,-0.100179,2021,5,1,4,52,18
1064,51.512462,-0.076095,2021,5,1,6,6,39
1065,51.508066,-0.08778,2021,5,5,1,25,4
1066,51.510961,-0.10269,2021,5,5,5,55,28
1067,51.517431,-0.082458,2021,5,5,7,22,15
1068,51.509757,-0.083386,2021,5,6,0,35,35
1069,51.511053,-0.075722,2021,5,6,0,51,10
1070,51.51265,-0.101452,2021,5,9,0,48,9
1071,51.51265,-0.101452,2021,5,9,0,55,10
1072,51.514457,-0.073849,2021,5,10,1,37,43
1073,51.518143,-0.063979,2021,5,10,1,47,11
1074,51.522276,-0.070867,2021,5,11,4,49,53
1075,51.519946,-0.108356,2021,5,11,6,30,46
1076,51.511775,-0.075389,2021,5,12,5,2,17
1077,51.512462,-0.076095,2021,5,12,5,33,8
1078,51.518864,-0.097562,2021,5,13,4,16,39
1079,51.517149,-0.08776,2021,5,14,2,28,45
1080,51.516814,-0.08162,2021,5,14,3,8,7
1081,51.509848,-0.104494,2021,5,14,6,52,55
1082,51.508066,-0.08778,2021,5,14,9,14,2
1083,51.512856,-0.073254,2021,5,15,1,14,43
1084,51.51539,-0.070437,2021,5,16,1,39,0
1085,51.507808,-0.07913,2021,5,16,2,39,23
1086,51.514457,-0.073849,2021,5,16,7,19,40
1087,51.514457,-0.073849,2021,5,16,7,20,0
1088,51.516814,-0.08162,2021,5,16,8,13,15
1089,51.516814,-0.08162,2021,5,16,8,33,0
1090,51.522862,-0.115198,2021,5,17,1,32,0
1091,51.512882,-0.084768,2021,5,17,6,42,35
1092,51.509532,-0.088843,2021,5,17,7,7,11
1093,51.503196,-0.127032,2021,5,18,4,27,40
1094,51.514276,-0.087549,2021,5,18,4,29,35
1095,51.506255,-0.074901,2021,5,18,5,14,45
1096,51.508066,-0.08778,2021,5,18,5,57,27
1097,51.506255,-0.074901,2021,5,18,6,2,40
1098,51.512598,-0.084967,2021,5,18,9,3,10
1099,51.512598,-0.084967,2021,5,18,9,33,59
1100,51.514276,-0.087549,2021,5,18,11,25,10
1101,51.514753,-0.082571,2021,5,20,7,3,2
1102,51.525993,-0.073233,2021,5,20,7,37,20
1103,51.517244,-0.080376,2021,5,20,8,49,12
1104,51.514367,-0.076592,2021,5,20,10,36,7
1105,51.509547,-0.076031,2021,5,21,3,53,44
1106,51.518189,-0.082628,2021,5,21,5,20,39
1107,51.519812,-0.093933,2021,5,22,8,26,46
1108,51.513061,-0.076459,2021,5,22,11,1,43
1109,51.518262,-0.097053,2021,5,23,2,37,42
1110,51.512598,-0.084967,2021,5,24,2,23,35
1111,51.512598,-0.084967,2021,5,24,2,25,6
1112,51.512462,-0.076095,2021,5,24,11,32,33
1113,51.512462,-0.076095,2021,5,24,11,37,30
1114,51.512598,-0.084967,2021,5,25,3,58,27
1115,51.513394,-0.084199,2021,5,25,6,34,45
1116,51.512598,-0.084967,2021,5,25,10,13,29
1117,51.519812,-0.093933,2021,5,26,10,38,16
1118,51.511053,-0.075722,2021,5,27,3,11,46
1119,51.514457,-0.073849,2021,5,27,9,52,46
1120,51.515196,-0.071772,2021,5,28,1,58,4
1121,51.516351,-0.082965,2021,5,28,9,1,8
1122,51.513524,-0.090506,2021,5,31,2,18,33
1123,51.511386,-0.092296,2021,6,3,4,17,37
1124,51.517231,-0.079613,2021,6,3,6,21,20
1125,51.516814,-0.08162,2021,6,3,6,21,20
1126,51.516233,-0.077392,2021,6,3,10,13,16
1127,51.512462,-0.076095,2021,6,3,10,18,12
1128,51.518262,-0.088203,2021,6,4,5,52,44
1129,51.513377,-0.096363,2021,6,4,9,26,1
1130,51.516233,-0.077392,2021,6,4,11,31,57
1131,51.511014,-0.076113,2021,6,4,11,56,56
1132,51.514513,-0.096561,2021,6,5,1,19,54
1133,51.507808,-0.07913,2021,6,5,5,35,37
1134,51.509414,-0.093791,2021,6,5,9,6,57
1135,51.509547,-0.076031,2021,6,6,0,57,26
1136,51.516347,-0.104887,2021,6,6,6,51,33
1137,51.51768,-0.078484,2021,6,6,8,42,41
1138,51.513627,-0.076435,2021,6,7,3,1,58
1139,51.51891,-0.087153,2021,6,8,0,36,1
1140,51.515523,-0.077451,2021,6,8,9,17,23
1141,51.517244,-0.080376,2021,6,8,11,38,26
1142,51.516351,-0.082965,2021,6,9,0,12,21
1143,51.515504,-0.07627,2021,6,10,1,1,6
1144,51.515504,-0.07627,2021,6,10,1,17,21
1145,51.517431,-0.082458,2021,6,10,10,7,17
1146,51.509547,-0.076031,2021,6,11,3,30,59
1147,51.50932,-0.084701,2021,6,13,5,3,56
1148,51.518262,-0.088203,2021,6,14,1,3,42
1149,51.514203,-0.094628,2021,6,14,3,48,32
1150,51.514409,-0.079674,2021,6,15,6,6,38
1151,51.512598,-0.084967,2021,6,16,4,19,36
1152,51.509848,-0.104494,2021,6,17,0,58,18
1153,51.509848,-0.104494,2021,6,17,4,22,8
1154,51.515142,-0.097645,2021,6,17,6,46,42
1155,51.509848,-0.104494,2021,6,17,11,33,21
1156,51.517042,-0.102812,2021,6,18,11,35,59
1157,51.510795,-0.077578,2021,6,19,5,23,0
1158,51.513915,-0.07318,2021,6,19,9,29,27
1159,51.513915,-0.07318,2021,6,19,9,38,21
1160,51.513647,-0.07433,2021,6,21,8,12,4
1161,51.510414,-0.073515,2021,6,22,4,53,36
1162,51.52051,-0.08158,2021,6,22,10,2,54
1163,51.516814,-0.08162,2021,6,23,5,53,54
1164,51.514203,-0.094628,2021,6,23,9,57,5
1165,51.51972,-0.099933,2021,6,24,1,31,57
1166,51.511794,-0.088042,2021,6,24,3,36,57
1167,51.537964,-0.056981,2021,6,24,7,34,17
1168,51.510795,-0.077578,2021,6,25,0,51,43
1169,51.506255,-0.074901,2021,6,25,1,34,27
1170,51.511223,-0.089435,2021,6,25,2,54,19
1171,51.517032,-0.089451,2021,6,25,9,12,11
1172,51.516814,-0.08162,2021,6,25,9,51,13
1173,51.516814,-0.08162,2021,6,26,1,16,38
1174,51.510182,-0.092865,2021,6,26,2,49,56
1175,51.517032,-0.089451,2021,6,26,5,2,18
1176,51.516814,-0.08162,2021,6,26,5,18,23
1177,51.512598,-0.084967,2021,6,27,3,18,59
1178,51.517244,-0.080376,2021,6,28,3,5,46
1179,51.514158,-0.100179,2021,6,29,2,14,32
1180,51.516814,-0.08162,2021,6,30,6,22,37
1181,51.508066,-0.08778,2021,6,30,7,9,7
1182,51.516814,-0.08162,2021,6,30,8,40,54
1183,51.512856,-0.073254,2021,7,2,1,30,13
1184,51.517431,-0.082458,2021,7,3,5,20,52
1185,51.518743,-0.089596,2021,7,3,10,19,36
1186,51.513435,-0.075146,2021,7,4,1,1,45
1187,51.513435,-0.075146,2021,7,4,1,8,4
1188,51.512243,-0.07978,2021,7,4,3,41,2
1189,51.513051,-0.104001,2021,7,4,6,0,27
1190,51.511749,-0.108018,2021,7,5,3,10,53
1191,51.516386,-0.108965,2021,7,5,8,15,13
1192,51.511625,-0.081549,2021,7,5,11,0,58
1193,51.509344,-0.080665,2021,7,6,8,34,43
1194,51.514203,-0.094628,2021,7,6,9,0,6
1195,51.514763,-0.075508,2021,7,6,11,15,34
1196,51.51144,-0.083993,2021,7,7,2,57,6
1197,51.516508,-0.079398,2021,7,8,3,59,34
1198,51.51972,-0.099933,2021,7,8,8,57,5
1199,51.509344,-0.080665,2021,7,9,5,11,11
1200,51.512462,-0.076095,2021,7,9,5,36,15
1201,51.512027,-0.082527,2021,7,10,4,39,20
1202,51.514933,-0.074896,2021,7,11,3,36,49
1203,51.51768,-0.078484,2021,7,11,3,50,21
1204,51.512388,-0.088075,2021,7,11,8,2,44
1205,51.511625,-0.081549,2021,7,12,0,24,6
1206,51.513769,-0.076833,2021,7,13,0,31,26
1207,51.514203,-0.094628,2021,7,13,0,57,9
1208,51.511625,-0.081549,2021,7,13,4,3,19
1209,51.514203,-0.094628,2021,7,13,4,56,32
1210,51.514418,-0.091823,2021,7,14,5,50,57
1211,51.508066,-0.08778,2021,7,15,2,33,49
1212,51.511923,-0.086624,2021,7,15,4,17,12
1213,51.511625,-0.081549,2021,7,15,6,12,56
1214,51.512652,-0.092719,2021,7,17,3,29,14
1215,51.516814,-0.08162,2021,7,17,9,50,29
1216,51.514203,-0.094628,2021,7,18,2,49,34
1217,51.514933,-0.074896,2021,7,19,4,56,12
1218,51.514933,-0.074896,2021,7,19,5,7,21
1219,51.510494,-0.084983,2021,7,19,11,16,53
1220,51.513627,-0.076435,2021,7,20,1,30,58
1221,51.510494,-0.084983,2021,7,20,6,46,2
1222,51.518709,-0.101345,2021,7,21,8,44,9
1223,51.510494,-0.084983,2021,7,22,5,47,25
1224,51.517431,-0.082458,2021,7,22,6,50,19
1225,51.517149,-0.08776,2021,7,22,10,41,28
1226,51.50995,-0.078665,2021,7,24,3,7,14
1227,51.513171,-0.077694,2021,7,24,3,28,30
1228,51.509313,-0.07385,2021,7,25,0,16,32
1229,51.506255,-0.074901,2021,7,27,4,51,58
1230,51.513389,-0.080034,2021,7,27,5,24,9
1231,51.508066,-0.08778,2021,7,28,3,57,45
1232,51.511223,-0.089435,2021,7,28,6,38,40
1233,51.516855,-0.080234,2021,7,30,5,43,10
1234,51.511625,-0.081549,2021,7,30,5,50,24
1235,51.52108,-0.091732,2021,7,30,6,27,29
1236,51.51144,-0.083993,2021,7,30,7,53,17
1237,51.51768,-0.078484,2021,8,1,4,27,32
1238,51.517196,-0.085149,2021,8,2,1,24,16
1239,51.516814,-0.08162,2021,8,2,5,18,14
1240,51.513799,-0.071038,2021,8,3,2,45,59
1241,51.512598,-0.084967,2021,8,3,8,3,56
1242,51.516814,-0.08162,2021,8,4,5,26,53
1243,51.518433,-0.078856,2021,8,4,6,3,11
1244,51.520699,-0.097601,2021,8,5,2,51,14
1245,51.508066,-0.08778,2021,8,5,3,14,42
1246,51.512598,-0.084967,2021,8,5,8,8,21
1247,51.512598,-0.084967,2021,8,5,9,7,59
1248,51.514203,-0.094628,2021,8,6,4,4,41
1249,51.514203,-0.094628,2021,8,6,4,6,53
1250,51.514203,-0.094628,2021,8,6,4,7,23
1251,51.512598,-0.084967,2021,8,6,9,2,15
1252,51.515504,-0.07627,2021,8,7,6,6,14
1253,51.514203,-0.094628,2021,8,10,4,26,36
1254,51.5169,-0.084095,2021,8,10,5,20,26
1255,51.512598,-0.084967,2021,8,11,5,37,19
1256,51.511625,-0.081549,2021,8,12,0,10,3
1257,51.510494,-0.084983,2021,8,12,0,40,53
1258,51.514367,-0.076592,2021,8,12,6,7,36
1259,51.512598,-0.084967,2021,8,12,9,4,23
1260,51.509848,-0.104494,2021,8,13,1,31,58
1261,51.509848,-0.104494,2021,8,13,7,33,30
1262,51.511749,-0.108018,2021,8,13,11,16,27
1263,51.515546,-0.070056,2021,8,13,11,32,8
1264,51.513524,-0.090506,2021,8,14,0,38,31
1265,51.518017,-0.075991,2021,8,14,8,54,56
1266,51.512598,-0.084967,2021,8,14,9,44,39
1267,51.509313,-0.07385,2021,8,15,4,50,13
1268,51.516207,-0.101794,2021,8,15,5,50,55
1269,51.517196,-0.085149,2021,8,15,7,7,37
1270,51.514804,-0.080782,2021,8,15,9,13,27
1271,51.514804,-0.080782,2021,8,15,9,37,16
1272,51.51265,-0.101452,2021,8,16,3,57,55
1273,51.51265,-0.101452,2021,8,16,5,24,48
1274,51.514804,-0.080782,2021,8,16,11,17,43
1275,51.513384,-0.089647,2021,8,17,11,12,0
1276,51.51868,-0.085173,2021,8,19,9,25,1
1277,51.520059,-0.084251,2021,8,20,4,25,20
1278,51.522233,-0.107382,2021,8,20,6,52,5
1279,51.516351,-0.082965,2021,8,21,0,48,32
1280,51.512147,-0.092077,2021,8,22,10,7,58
1281,51.514891,-0.117199,2021,8,23,3,16,54
1282,51.516386,-0.108965,2021,8,23,5,55,32
1283,51.522682,-0.086822,2021,8,24,0,6,21
1284,51.510148,-0.077029,2021,8,24,4,26,7
1285,51.511625,-0.081549,2021,8,25,3,28,54
1286,51.51494,-0.079162,2021,8,25,3,35,14
1287,51.51144,-0.083993,2021,8,25,5,31,26
1288,51.510494,-0.084983,2021,8,25,5,41,18
1289,51.516814,-0.08162,2021,8,26,1,35,29
1290,51.516814,-0.08162,2021,8,26,2,9,57
1291,51.505396,-0.088901,2021,8,26,4,42,26
1292,51.513914,-0.11071,2021,8,27,2,40,55
1293,51.512598,-0.084967,2021,8,27,2,46,7
1294,51.516814,-0.08162,2021,8,27,3,47,13
1295,51.517244,-0.080376,2021,8,27,9,30,35
1296,51.510494,-0.084983,2021,8,28,1,35,49
1297,51.516814,-0.08162,2021,8,28,4,58,54
1298,51.518226,-0.111497,2021,8,29,1,29,48
1299,51.511812,-0.089698,2021,8,29,7,33,55
1300,51.521853,-0.094468,2021,8,30,0,38,42
1301,51.508066,-0.08778,2021,8,30,0,50,8
1302,51.515849,-0.077596,2021,8,30,9,14,7
1303,51.508066,-0.08778,2021,8,30,10,55,17
1304,51.512598,-0.084967,2021,8,31,6,47,58
1305,51.514151,-0.074958,2021,9,1,1,42,47
1306,51.514203,-0.094628,2021,9,1,7,7,36
1307,51.514151,-0.074958,2021,9,1,11,49,39
1308,51.509344,-0.080665,2021,9,2,0,0,46
1309,51.517032,-0.089451,2021,9,2,2,11,44
1310,51.514457,-0.073849,2021,9,2,2,39,26
1311,51.509344,-0.080665,2021,9,2,4,47,27
1312,51.512598,-0.084967,2021,9,2,7,34,16
1313,51.508066,-0.08778,2021,9,3,4,12,12
1314,51.508066,-0.08778,2021,9,3,4,21,9
1315,51.513171,-0.077694,2021,9,3,11,15,53
1316,51.516814,-0.08162,2021,9,4,4,24,37
1317,51.513447,-0.093493,2021,9,8,4,4,1
1318,51.515504,-0.07627,2021,9,8,8,25,30
1319,51.513454,-0.09172,2021,9,9,1,28,39
1320,51.514203,-0.094628,2021,9,9,5,21,18
1321,51.513171,-0.077694,2021,9,9,9,18,22
1322,51.518091,-0.078308,2021,9,9,9,37,25
1323,51.518091,-0.078308,2021,9,9,10,43,43
1324,51.510671,-0.084284,2021,9,10,1,12,16
1325,51.515504,-0.07627,2021,9,10,5,7,8
1326,51.517244,-0.080376,2021,9,10,6,55,7
1327,51.518362,-0.077245,2021,9,10,10,37,51
1328,51.517431,-0.082458,2021,9,11,5,34,59
1329,51.52181,-0.097929,2021,9,11,10,58,22
1330,51.51265,-0.101452,2021,9,12,0,13,22
1331,51.506837,-0.111824,2021,9,12,2,24,22
1332,51.510868,-0.0969,2021,9,12,2,58,52
1333,51.512829,-0.094758,2021,9,12,5,16,44
1334,51.517431,-0.082458,2021,9,12,9,17,25
1335,51.516814,-0.08162,2021,9,12,11,0,41
1336,51.518262,-0.088203,2021,9,13,2,24,35
1337,51.512598,-0.084967,2021,9,15,1,12,3
1338,51.516351,-0.082965,2021,9,15,5,32,20
1339,51.512598,-0.084967,2021,9,16,8,42,37
1340,51.530644,-0.120975,2021,9,17,9,45,44
1341,51.509848,-0.104494,2021,9,17,9,53,40
1342,51.514203,-0.094628,2021,9,17,10,40,52
1343,51.509344,-0.080665,2021,9,19,10,36,26
1344,51.513769,-0.076833,2021,9,20,6,8,6
1345,51.516814,-0.08162,2021,9,21,5,50,39
1346,51.516814,-0.08162,2021,9,21,5,52,50
1347,51.513114,-0.086272,2021,9,21,6,16,54
1348,51.514201,-0.064838,2021,9,21,7,34,38
1349,51.510671,-0.084284,2021,9,22,0,29,20
1350,51.518189,-0.082628,2021,9,23,8,23,31
1351,51.525079,-0.089907,2021,9,24,2,52,23
1352,51.518262,-0.088203,2021,9,24,4,39,5
1353,51.517032,-0.089451,2021,9,24,6,5,53
1354,51.518494,-0.111962,2021,9,25,4,39,56
1355,51.511224,-0.074115,2021,9,25,5,2,4
1356,51.509848,-0.104494,2021,9,28,5,13,6
1357,51.512027,-0.082527,2021,9,29,1,35,54
1358,51.514501,-0.089716,2021,9,29,2,18,18
1359,51.51144,-0.083993,2021,9,29,2,45,52
1360,51.51445,-0.100974,2021,9,29,5,14,24
1361,51.514158,-0.100179,2021,9,29,5,42,54
1362,51.509757,-0.083386,2021,9,30,3,47,30
1363,51.509757,-0.083386,2021,9,30,7,2,51
1364,51.512598,-0.084967,2021,10,1,2,23,35
1365,51.517032,-0.089451,2021,10,1,6,41,34
1366,51.517032,-0.089451,2021,10,1,6,41,34
1367,51.512598,-0.084967,2021,10,1,6,53,8
1368,51.517032,-0.089451,2021,10,1,9,7,7
1369,51.516814,-0.08162,2021,10,3,2,12,38
1370,51.518433,-0.078856,2021,10,3,4,57,57
1371,51.516814,-0.08162,2021,10,4,3,46,10
1372,51.509775,-0.085014,2021,10,6,1,2,2
1373,51.50932,-0.084701,2021,10,6,8,34,41
1374,51.516386,-0.108965,2021,10,7,1,17,56
1375,51.513199,-0.087118,2021,10,7,2,13,41
1376,51.513389,-0.080034,2021,10,7,5,28,57
1377,51.517244,-0.080376,2021,10,7,7,56,40
1378,51.509344,-0.080665,2021,10,7,8,37,37
1379,51.512147,-0.092077,2021,10,8,1,48,11
1380,51.520699,-0.097601,2021,10,8,11,22,45
1381,51.517568,-0.112519,2021,10,9,6,40,25
1382,51.514203,-0.094628,2021,10,11,2,50,28
1383,51.506255,-0.074901,2021,10,12,0,27,16
1384,51.512598,-0.084967,2021,10,12,5,4,25
1385,51.522233,-0.107382,2021,10,13,6,18,19
1386,51.519365,-0.088013,2021,10,13,6,44,5
1387,51.513171,-0.077694,2021,10,13,10,34,34
1388,51.515606,-0.094094,2021,10,13,10,40,17
1389,51.514501,-0.089716,2021,10,13,11,9,48
1390,51.520678,-0.080318,2021,10,15,1,19,44
1391,51.517909,-0.109709,2021,10,17,11,13,51
1392,51.517912,-0.104909,2021,10,18,0,6,6
1393,51.515739,-0.100632,2021,10,19,0,37,44
1394,51.516814,-0.08162,2021,10,20,3,55,52
1395,51.512598,-0.084967,2021,10,20,7,50,19
1396,51.512598,-0.084967,2021,10,20,8,2,20
1397,51.511625,-0.081549,2021,10,21,9,14,21
1398,51.511923,-0.086624,2021,10,21,10,42,17
1399,51.51144,-0.083993,2021,10,22,5,23,13
1400,51.513333,-0.088727,2021,10,23,5,23,13
1401,51.509757,-0.083386,2021,10,24,1,16,19
1402,51.516347,-0.104887,2021,10,25,5,20,0
1403,51.513051,-0.104001,2021,10,25,11,55,27
1404,51.512598,-0.084967,2021,10,26,8,13,2
1405,51.518017,-0.075991,2021,10,27,2,19,30
1406,51.510671,-0.084284,2021,10,27,3,8,39
1407,51.510671,-0.084284,2021,10,27,4,49,56
1408,51.517534,-0.09596,2021,10,28,3,14,27
1409,51.51494,-0.079162,2021,10,28,4,6,28
1410,51.514157,-0.091258,2021,10,29,4,57,21
1411,51.513132,-0.09071,2021,10,31,4,45,47
1412,51.510873,-0.105561,2021,10,31,5,8,50
1413,51.511749,-0.108018,2021,10,31,7,22,22
1414,51.509757,-0.083386,2021,11,1,6,29,10
1415,51.50932,-0.084701,2021,11,1,7,39,48
1416,51.508066,-0.08778,2021,11,1,7,50,51
1417,51.513171,-0.077694,2021,11,1,11,18,51
1418,51.515037,-0.102794,2021,11,2,6,14,39
1419,51.518864,-0.097562,2021,11,3,3,51,15
1420,51.521038,-0.078718,2021,11,3,4,11,27
1421,51.512598,-0.084967,2021,11,3,5,22,2
1422,51.511625,-0.081549,2021,11,3,6,33,24
1423,51.521038,-0.078718,2021,11,3,6,50,48
1424,51.516233,-0.077392,2021,11,3,7,28,48
1425,51.511625,-0.081549,2021,11,3,8,8,59
1426,51.513885,-0.102741,2021,11,3,12,31,59
1427,51.517032,-0.089451,2021,11,4,3,39,2
1428,51.513389,-0.080034,2021,11,4,5,20,52
1429,51.513389,-0.080034,2021,11,4,6,38,53
1430,51.522233,-0.107382,2021,11,5,1,57,51
1431,51.512598,-0.084967,2021,11,5,3,47,39
1432,51.514151,-0.074958,2021,11,5,9,47,46
1433,51.512598,-0.084967,2021,11,6,7,10,33
1434,51.516814,-0.08162,2021,11,8,6,25,29
1435,51.512856,-0.073254,2021,11,9,7,23,20
1436,51.509547,-0.076031,2021,11,10,6,7,16
1437,51.518262,-0.088203,2021,11,10,10,19,26
1438,51.517431,-0.082458,2021,11,11,6,54,18
1439,51.517431,-0.082458,2021,11,11,7,31,34
1440,51.519896,-0.087486,2021,11,11,10,38,3
1441,51.519783,-0.086655,2021,11,12,1,0,43
1442,51.516814,-0.08162,2021,11,12,5,7,46
1443,51.50932,-0.084701,2021,11,12,5,42,16
1444,51.513865,-0.092625,2021,11,12,5,56,0
1445,51.515142,-0.097645,2021,11,12,9,35,22
1446,51.517032,-0.089451,2021,11,12,12,36,58
1447,51.51532,-0.069431,2021,11,13,9,24,2
1448,51.512147,-0.092077,2021,11,14,6,21,22
1449,51.513627,-0.076435,2021,11,18,6,54,18
1450,51.512856,-0.073254,2021,11,18,10,10,37
1451,51.514457,-0.073849,2021,11,19,3,10,31
1452,51.519807,-0.09144,2021,11,19,3,25,34
1453,51.512598,-0.084967,2021,11,19,6,32,5
1454,51.514203,-0.094628,2021,11,19,6,41,22
1455,51.518226,-0.111497,2021,11,20,3,37,32
1456,51.512598,-0.084967,2021,11,20,10,47,43
1457,51.517534,-0.09596,2021,11,21,3,41,39
1458,51.518864,-0.097562,2021,11,22,1,31,19
1459,51.512598,-0.084967,2021,11,22,1,44,43
1460,51.512598,-0.084967,2021,11,22,2,17,1
1461,51.512598,-0.084967,2021,11,22,2,26,17
1462,51.50993,-0.068161,2021,11,22,2,46,47
1463,51.518189,-0.082628,2021,11,23,5,44,15
1464,51.514203,-0.094628,2021,11,24,5,15,31
1465,51.514203,-0.094628,2021,11,24,6,15,16
1466,51.516814,-0.08162,2021,11,26,6,32,54
1467,51.508066,-0.08778,2021,11,26,10,49,11
1468,51.516814,-0.08162,2021,11,27,1,25,50
1469,51.516814,-0.08162,2021,11,27,6,11,24
1470,51.51768,-0.078484,2021,11,27,10,54,20
1471,51.516814,-0.08162,2021,11,28,6,32,37
1472,51.511794,-0.088042,2021,11,28,12,48,49
1473,51.518511,-0.08531,2021,11,29,3,31,6
1474,51.514151,-0.074958,2021,11,29,5,10,28
1475,51.516814,-0.08162,2021,11,30,1,36,42
1476,51.506255,-0.074901,2021,12,1,3,10,12
1477,51.512598,-0.084967,2021,12,1,6,17,51
1478,51.517431,-0.082458,2021,12,1,11,36,49
1479,51.513114,-0.086272,2021,12,2,1,56,1
1480,51.514151,-0.074958,2021,12,2,5,10,2
1481,51.515728,-0.078393,2021,12,2,6,25,26
1482,51.52051,-0.08158,2021,12,2,7,46,43
1483,51.525445,-0.087528,2021,12,2,8,51,0
1484,51.513885,-0.102741,2021,12,3,9,53,5
1485,51.512598,-0.084967,2021,12,3,10,40,17
1486,51.511749,-0.108018,2021,12,4,3,6,12
1487,51.516386,-0.108965,2021,12,4,4,58,12
1488,51.517032,-0.089451,2021,12,5,10,1,31
1489,51.512598,-0.084967,2021,12,6,7,30,36
1490,51.511495,-0.089582,2021,12,7,3,12,57
1491,51.511118,-0.090203,2021,12,7,3,31,45
1492,51.51265,-0.101452,2021,12,8,12,55,33
1493,51.513435,-0.075146,2021,12,9,7,52,9
1494,51.51322,-0.095015,2021,12,9,9,25,59
1495,51.516814,-0.08162,2021,12,9,11,5,55
1496,51.51265,-0.101452,2021,12,10,2,6,58
1497,51.51144,-0.083993,2021,12,10,7,3,31
1498,51.51144,-0.083993,2021,12,10,7,59,26
1499,51.51144,-0.083993,2021,12,10,10,8,38
1500,51.509313,-0.07385,2021,12,11,5,9,56
1501,51.51265,-0.101452,2021,12,12,4,23,40
1502,51.512598,-0.084967,2021,12,12,5,2,25
1503,51.513928,-0.108231,2021,12,13,3,17,3
1504,51.515033,-0.07825,2021,12,13,4,33,11
1505,51.516814,-0.08162,2021,12,13,10,28,49
1506,51.51265,-0.101452,2021,12,14,8,9,53
1507,51.513171,-0.077694,2021,12,14,8,33,49
1508,51.509848,-0.104494,2021,12,16,2,10,39
1509,51.509848,-0.104494,2021,12,16,2,24,57
1510,51.513129,-0.094933,2021,12,16,2,49,2
1511,51.513129,-0.094933,2021,12,16,5,36,43
1512,51.513129,-0.094933,2021,12,16,5,42,40
1513,51.517431,-0.082458,2021,12,16,10,43,20
1514,51.517431,-0.082458,2021,12,16,10,43,54
1515,51.516233,-0.077392,2021,12,16,10,53,7
1516,51.517431,-0.082458,2021,12,16,11,17,54
1517,51.512598,-0.084967,2021,12,21,4,45,54
1518,51.509848,-0.104494,2021,12,22,1,46,5
1519,51.506338,-0.088227,2021,12,23,4,39,32
1520,51.506338,-0.088227,2021,12,23,4,39,56
1521,51.513114,-0.086272,2021,12,23,6,0,30
1522,51.509848,-0.104494,2021,12,24,5,25,32
1523,51.522615,-0.077253,2021,12,26,4,30,5
1524,51.508066,-0.08778,2021,12,27,8,46,38
1525,51.516814,-0.08162,2021,12,29,7,48,34
1526,51.512856,-0.073254,2021,12,29,12,57,23
1527,51.514151,-0.074958,2021,12,30,2,41,14
1528,51.510671,-0.084284,2021,12,30,3,25,10
1529,51.513447,-0.093493,2021,12,31,3,52,17
1530,51.516814,-0.08162,2021,12,31,6,26,14
1531,51.51265,-0.101452,2022,1,2,4,30,40
1532,51.517032,-0.089451,2022,1,2,4,36,52
1533,51.506255,-0.074901,2022,1,4,2,21,57
1534,51.51104,-0.113726,2022,1,5,2,52,1
1535,51.513394,-0.084199,2022,1,5,5,10,16
1536,51.506255,-0.074901,2022,1,5,8,3,44
1537,51.512598,-0.084967,2022,1,6,6,36,14
1538,51.516814,-0.08162,2022,1,6,8,44,44
1539,51.513389,-0.080034,2022,1,7,4,24,14
1540,51.525568,-0.032468,2022,1,10,5,5,22
1541,51.518864,-0.097562,2022,1,10,12,37,39
1542,51.509848,-0.104494,2022,1,11,7,34,11
1543,51.516814,-0.08162,2022,1,11,8,57,1
1544,51.518189,-0.082628,2022,1,13,4,21,58
1545,51.512598,-0.084967,2022,1,13,6,35,55
1546,51.509848,-0.104494,2022,1,14,4,44,13
1547,51.513447,-0.093493,2022,1,14,6,29,0
1548,51.517431,-0.082458,2022,1,14,8,42,14
1549,51.509757,-0.083386,2022,1,14,11,42,19
1550,51.509993,-0.083506,2022,1,15,2,31,15
1551,51.509993,-0.083506,2022,1,15,2,41,32
1552,51.520624,-0.10964,2022,1,15,6,50,51
1553,51.509993,-0.083506,2022,1,15,12,48,25
1554,51.520624,-0.10964,2022,1,16,7,30,27
1555,51.511923,-0.086624,2022,1,17,3,21,20
1556,51.517839,-0.107607,2022,1,18,2,30,28
1557,51.512598,-0.084967,2022,1,19,6,15,36
1558,51.506338,-0.088227,2022,1,19,10,12,44
1559,51.514804,-0.080782,2022,1,20,6,13,42
1560,51.514804,-0.080782,2022,1,20,9,29,16
1561,51.513171,-0.077694,2022,1,21,2,8,55
1562,51.51768,-0.078484,2022,1,21,8,48,6
1563,51.509414,-0.093791,2022,1,22,1,47,59
1564,51.517244,-0.080376,2022,1,22,4,22,54
1565,51.511224,-0.074115,2022,1,23,6,55,9
1566,51.510182,-0.092865,2022,1,23,10,32,13
1567,51.516814,-0.08162,2022,1,24,2,34,21
1568,51.510787,-0.096385,2022,1,25,4,10,45
1569,51.512462,-0.076095,2022,1,25,5,9,51
1570,51.517576,-0.079786,2022,1,26,3,21,19
1571,51.517032,-0.089451,2022,1,26,3,21,19
1572,51.517032,-0.089451,2022,1,26,3,22,50
1573,51.518091,-0.078308,2022,1,26,8,59,32
1574,51.51121,-0.094206,2022,1,27,2,13,14
1575,51.509344,-0.080665,2022,1,27,2,54,30
1576,51.517431,-0.082458,2022,1,27,4,10,23
1577,51.513051,-0.104001,2022,1,27,8,53,10
1578,51.517149,-0.08776,2022,1,27,12,6,15
1579,51.512856,-0.073254,2022,1,27,12,8,54
1580,51.509848,-0.104494,2022,1,28,1,53,13
1581,51.514203,-0.094628,2022,1,28,10,16,44
1582,51.516814,-0.08162,2022,1,28,11,52,49
1583,51.510671,-0.084284,2022,1,29,1,28,56
1584,51.510671,-0.084284,2022,1,29,3,58,20
1585,51.517244,-0.080376,2022,1,29,8,24,17
1586,51.514203,-0.094628,2022,1,29,10,7,44
1587,51.511711,-0.07421,2022,1,31,2,24,42
1588,51.512528,-0.081281,2022,1,31,7,47,35
1589,51.51265,-0.101452,2022,2,1,7,47,53
1590,51.511625,-0.081549,2022,2,1,8,27,6
1591,51.517576,-0.079786,2022,2,2,2,41,24
1592,51.516351,-0.082965,2022,2,2,4,51,21
1593,51.514547,-0.112039,2022,2,2,8,0,25
1594,51.509848,-0.104494,2022,2,2,8,14,33
1595,51.512882,-0.084768,2022,2,4,6,58,54
1596,51.513129,-0.094933,2022,2,4,7,7,33
1597,51.515031,-0.100748,2022,2,5,3,52,53
1598,51.512888,-0.094482,2022,2,5,6,17,26
1599,51.512888,-0.094482,2022,2,5,6,26,36
1600,51.512147,-0.092077,2022,2,5,9,21,10
1601,51.512108,-0.097973,2022,2,7,5,45,27
1602,51.517576,-0.079786,2022,2,7,6,20,10
1603,51.517576,-0.079786,2022,2,7,6,31,35
1604,51.517576,-0.079786,2022,2,7,6,41,58
1605,51.517576,-0.079786,2022,2,7,7,41,58
1606,51.523901,-0.096011,2022,2,9,8,36,45
1607,51.516191,-0.086416,2022,2,10,4,40,14
1608,51.516966,-0.1059,2022,2,11,1,51,0
1609,51.51792,-0.092628,2022,2,11,8,18,8
1610,51.50995,-0.078665,2022,2,11,9,57,26
1611,51.517836,-0.110735,2022,2,12,4,9,43
1612,51.516855,-0.080234,2022,2,13,1,49,56
1613,51.511223,-0.089435,2022,2,14,3,2,25
1614,51.508963,-0.073894,2022,2,15,3,30,11
1615,51.51442,-0.09472,2022,2,16,2,37,45
1616,51.515866,-0.073675,2022,2,16,12,28,34
1617,51.518864,-0.097562,2022,2,17,9,9,15
1618,51.514627,-0.072156,2022,2,18,1,27,7
1619,51.525268,-0.088804,2022,2,18,9,28,37
1620,51.516351,-0.082965,2022,2,19,6,46,0
1621,51.512598,-0.084967,2022,2,22,3,18,43
1622,51.512147,-0.092077,2022,2,22,12,32,30
1623,51.512598,-0.084967,2022,2,23,3,13,31
1624,51.517431,-0.082458,2022,2,23,4,17,56
1625,51.512598,-0.084967,2022,2,26,2,37,1
1626,51.51637,-0.081912,2022,2,26,5,56,19
1627,51.511478,-0.096846,2022,2,27,6,57,48
1628,51.513394,-0.084199,2022,2,28,1,6,44
1629,51.510014,-0.081516,2022,3,1,5,2,30
1630,51.517058,-0.083296,2022,3,2,2,54,11
1631,51.516814,-0.08162,2022,3,3,4,40,50
1632,51.512598,-0.084967,2022,3,4,6,41,8
1633,51.512598,-0.084967,2022,3,4,7,24,46
1634,51.512598,-0.084967,2022,3,5,4,4,16
1635,51.518189,-0.082628,2022,3,5,5,57,51
1636,51.504848,-0.090033,2022,3,6,3,51,24
1637,51.504848,-0.090033,2022,3,6,7,24,19
1638,51.516966,-0.1059,2022,3,7,5,1,9
1639,51.516814,-0.08162,2022,3,7,12,2,15
1640,51.50995,-0.078665,2022,3,8,12,57,33
1641,51.513952,-0.085833,2022,3,9,2,55,52
1642,51.512598,-0.084967,2022,3,10,2,28,11
1643,51.512598,-0.084967,2022,3,10,5,53,26
1644,51.516233,-0.077392,2022,3,10,6,17,50
1645,51.510828,-0.086166,2022,3,10,7,47,46
1646,51.513952,-0.085833,2022,3,11,2,1,13
1647,51.516351,-0.082965,2022,3,11,5,16,57
1648,51.513627,-0.076435,2022,3,11,8,12,13
1649,51.514203,-0.094628,2022,3,11,8,53,26
1650,51.52181,-0.097929,2022,3,11,9,1,52
1651,51.52181,-0.097929,2022,3,12,9,44,19
1652,51.513297,-0.101959,2022,3,13,12,14,31
1653,51.511616,-0.086551,2022,3,14,4,40,18
1654,51.517244,-0.080376,2022,3,14,7,21,33
1655,51.512598,-0.084967,2022,3,15,3,28,2
1656,51.517244,-0.080376,2022,3,16,1,4,38
1657,51.516814,-0.08162,2022,3,16,5,35,10
1658,51.516814,-0.08162,2022,3,16,7,54,21
1659,51.511165,-0.100822,2022,3,17,4,39,57
1660,51.514203,-0.094628,2022,3,17,6,12,52
1661,51.510913,-0.101395,2022,3,17,6,22,37
1662,51.518511,-0.08531,2022,3,18,6,1,8
1663,51.522233,-0.107382,2022,3,19,2,18,45
1664,51.512598,-0.084967,2022,3,19,12,43,35
1665,51.517431,-0.082458,2022,3,22,7,9,17
1666,51.518189,-0.082628,2022,3,22,7,58,26
1667,51.517431,-0.082458,2022,3,22,8,53,30
1668,51.521463,-0.107054,2022,3,23,6,6,5
1669,51.507808,-0.07913,2022,3,23,6,57,25
1670,51.507808,-0.07913,2022,3,23,8,0,27
1671,51.509344,-0.080665,2022,3,23,8,16,13
1672,51.516814,-0.08162,2022,3,24,4,27,18
1673,51.510913,-0.08315,2022,3,25,3,47,54
1674,51.512952,-0.096814,2022,3,25,7,41,34
1675,51.515307,-0.097277,2022,3,26,8,43,0
1676,51.515307,-0.097277,2022,3,26,8,59,32
1677,51.514763,-0.075508,2022,3,29,0,3,46
1678,51.514158,-0.100179,2022,3,30,3,23,30
1679,51.50932,-0.084701,2022,3,30,4,47,11
1680,51.509344,-0.080665,2022,3,30,5,11,41
1681,51.512598,-0.084967,2022,3,31,2,45,28
1682,51.513869,-0.105134,2022,4,1,16,6,9
1683,51.510786,-0.068816,2022,4,1,17,46,46
1684,51.517032,-0.089451,2022,4,1,21,7,38
1685,51.510651,-0.080322,2022,4,2,4,55,10
1686,51.511611,-0.080728,2022,4,2,4,58,51
1687,51.510651,-0.080322,2022,4,2,6,17,55
1688,51.511118,-0.090203,2022,4,2,11,10,25
1689,51.517576,-0.079786,2022,4,3,15,53,29
1690,51.516855,-0.080234,2022,4,4,3,26,32
1691,51.516855,-0.080234,2022,4,4,3,38,2
1692,51.517576,-0.079786,2022,4,4,8,25,32
1693,51.512462,-0.076095,2022,4,4,14,9,38
1694,51.517576,-0.079786,2022,4,4,16,45,12
1695,51.50995,-0.078665,2022,4,6,2,20,17
1696,51.50995,-0.078665,2022,4,6,2,29,54
1697,51.51769,-0.084566,2022,4,8,1,56,16
1698,51.510182,-0.092865,2022,4,8,7,36,8
1699,51.51792,-0.092628,2022,4,8,16,53,39
1700,51.517431,-0.082458,2022,4,12,7,12,47
1701,51.517431,-0.082458,2022,4,13,3,29,45
1702,51.512462,-0.076095,2022,4,13,20,31,1
1703,51.513389,-0.080034,2022,4,14,1,55,21
1704,51.51768,-0.078484,2022,4,14,13,29,33
1705,51.512959,-0.094464,2022,4,14,19,22,48
1706,51.513581,-0.108418,2022,4,20,4,26,43
1707,51.509775,-0.085014,2022,4,20,15,15,40
1708,51.518511,-0.08531,2022,4,20,15,39,51
1709,51.508066,-0.08778,2022,4,20,21,44,35
1710,51.5193,-0.093969,2022,4,21,18,11,17
1711,51.510671,-0.084284,2022,4,21,19,37,5
1712,51.510671,-0.084284,2022,4,21,19,44,41
1713,51.515033,-0.07825,2022,4,21,20,30,55
1714,51.51121,-0.094206,2022,4,21,20,52,50
1715,51.51866,-0.059878,2022,4,21,20,52,50
1716,51.512598,-0.084967,2022,4,22,20,34,10
1717,51.508066,-0.08778,2022,4,23,5,32,9
1718,51.512147,-0.092077,2022,4,23,18,42,17
1719,51.511118,-0.090203,2022,4,23,18,55,54
1720,51.513769,-0.076833,2022,4,26,1,18,43
1721,51.510651,-0.080322,2022,4,26,14,30,46
1722,51.510651,-0.080322,2022,4,26,14,53,31
1723,51.508066,-0.08778,2022,4,27,3,14,6
1724,51.51442,-0.09472,2022,4,27,4,57,10
1725,51.51442,-0.09472,2022,4,27,5,2,25
1726,51.51442,-0.09472,2022,4,27,5,9,37
1727,51.51442,-0.09472,2022,4,27,5,13,27
1728,51.508066,-0.08778,2022,4,27,5,22,28
1729,51.509876,-0.086278,2022,4,27,5,43,58
1730,51.517297,-0.102412,2022,4,27,11,44,12
1731,51.517297,-0.102412,2022,4,27,11,46,56
1732,51.518189,-0.082628,2022,4,27,14,56,20
1733,51.514158,-0.100179,2022,4,27,20,43,8
1734,51.511625,-0.081549,2022,4,27,22,9,36
1735,51.525787,-0.105865,2022,4,29,18,57,18
1736,51.5075,-0.095542,2022,4,30,18,42,58
1737,51.509414,-0.093791,2022,4,30,19,13,30
1738,51.517244,-0.080376,2022,5,3,13,46,25
1739,51.517244,-0.080376,2022,5,3,13,46,25
1740,51.506255,-0.074901,2022,5,3,20,37,28
1741,51.506255,-0.074901,2022,5,3,20,37,28
1742,51.506255,-0.074901,2022,5,5,15,48,13
1743,51.506255,-0.074901,2022,5,5,15,48,13
1744,51.515504,-0.07627,2022,5,6,1,54,8
1745,51.515504,-0.07627,2022,5,6,1,54,8
1746,51.514151,-0.074958,2022,5,6,13,21,51
1747,51.514151,-0.074958,2022,5,6,13,21,51
1748,51.517244,-0.080376,2022,5,6,17,3,49
1749,51.517244,-0.080376,2022,5,6,17,3,49
1750,51.516814,-0.08162,2022,5,6,21,19,44
1751,51.516814,-0.08162,2022,5,6,21,19,44
1752,51.511749,-0.108018,2022,5,7,19,6,21
1753,51.511749,-0.108018,2022,5,7,19,6,21
1754,51.512598,-0.084967,2022,5,10,12,29,51
1755,51.512598,-0.084967,2022,5,10,12,29,51
1756,51.517244,-0.080376,2022,5,10,19,23,33
1757,51.517244,-0.080376,2022,5,10,19,23,33
1758,51.522532,-0.114779,2022,5,11,13,42,52
1759,51.522532,-0.114779,2022,5,11,13,42,52
1760,51.51972,-0.099933,2022,5,11,17,25,9
1761,51.51972,-0.099933,2022,5,11,17,25,9
1762,51.517244,-0.080376,2022,5,11,17,31,6
1763,51.517244,-0.080376,2022,5,11,17,31,6
1764,51.512959,-0.094464,2022,5,13,15,6,9
1765,51.512959,-0.094464,2022,5,13,15,6,9
1766,51.518231,-0.112939,2022,5,14,22,2,6
1767,51.518231,-0.112939,2022,5,14,22,2,6
1768,51.514203,-0.094628,2022,5,15,17,24,29
1769,51.514203,-0.094628,2022,5,15,17,24,29
1770,51.517244,-0.080376,2022,5,15,17,58,19
1771,51.517244,-0.080376,2022,5,15,17,58,19
1772,51.516386,-0.108965,2022,5,16,14,38,10
1773,51.516386,-0.108965,2022,5,16,14,38,10
1774,51.506255,-0.074901,2022,5,16,15,2,50
1775,51.506255,-0.074901,2022,5,16,15,2,50
1776,51.513928,-0.108231,2022,5,17,14,45,39
1777,51.513928,-0.108231,2022,5,17,14,45,39
1778,51.517576,-0.079786,2022,5,19,7,41,58
1779,51.517576,-0.079786,2022,5,19,7,41,58
1780,51.514158,-0.100179,2022,5,19,14,39,26
1781,51.514158,-0.100179,2022,5,19,14,39,26
1782,51.508066,-0.08778,2022,5,19,18,16,22
1783,51.508066,-0.08778,2022,5,19,18,16,22
1784,51.517244,-0.080376,2022,5,20,5,21,2
1785,51.517244,-0.080376,2022,5,20,5,21,2
1786,51.516386,-0.108965,2022,5,20,10,38,29
1787,51.516386,-0.108965,2022,5,20,10,38,29
1788,51.517231,-0.079613,2022,5,20,16,9,14
1789,51.517231,-0.079613,2022,5,20,16,9,14
1790,51.516347,-0.104887,2022,5,21,4,32,21
1791,51.516347,-0.104887,2022,5,21,4,32,21
1792,51.516814,-0.08162,2022,5,23,23,3,16
1793,51.516814,-0.08162,2022,5,23,23,3,16
1794,51.516814,-0.08162,2022,5,24,18,13,48
1795,51.516814,-0.08162,2022,5,24,18,13,48
1796,51.512596,-0.087086,2022,5,26,12,16,45
1797,51.512596,-0.087086,2022,5,26,12,16,45
1798,51.513114,-0.086272,2022,5,26,23,26,41
1799,51.513114,-0.086272,2022,5,26,23,26,41
1800,51.516386,-0.108965,2022,5,27,7,11,58
1801,51.516386,-0.108965,2022,5,27,7,11,58
1802,51.513114,-0.086272,2022,5,27,17,7,41
1803,51.513114,-0.086272,2022,5,27,17,7,41
1804,51.514158,-0.100179,2022,5,29,19,14,21
1805,51.514158,-0.100179,2022,5,29,19,14,21
1806,51.516497,-0.094115,2022,5,30,17,21,27
1807,51.516497,-0.094115,2022,5,30,17,21,27
1808,51.516497,-0.094115,2022,5,30,17,46,24
1809,51.516497,-0.094115,2022,5,30,17,46,24
1810,51.512135,-0.078127,2022,5,30,20,42,29
1811,51.512135,-0.078127,2022,5,30,20,42,29
1812,51.518433,-0.078856,2022,5,30,22,40,56
1813,51.518433,-0.078856,2022,5,30,22,40,56
1814,51.510182,-0.092865,2022,5,31,22,9,40
1815,51.510182,-0.092865,2022,5,31,22,9,40
1816,51.510182,-0.092865,2022,5,31,22,12,8
1817,51.510182,-0.092865,2022,5,31,22,12,8
1818,51.523053,-0.108631,2022,6,2,2,17,48
1819,51.520474,-0.075556,2022,6,2,20,57,0
1820,51.520474,-0.075556,2022,6,2,23,41,47
1821,51.515033,-0.07825,2022,6,3,4,21,50
1822,51.517244,-0.080376,2022,6,4,22,36,34
1823,51.51265,-0.101452,2022,6,5,5,16,57
1824,51.51265,-0.101452,2022,6,5,13,2,59
1825,51.516966,-0.1059,2022,6,5,23,49,28
1826,51.520985,-0.078749,2022,6,7,0,5,59
1827,51.515196,-0.071772,2022,6,7,8,40,22
1828,51.516814,-0.08162,2022,6,7,8,44,7
1829,51.517431,-0.082458,2022,6,7,10,38,44
1830,51.520985,-0.078749,2022,6,8,14,59,43
1831,51.525655,-0.090517,2022,6,8,23,9,57
1832,51.508066,-0.08778,2022,6,8,23,52,18
1833,51.512462,-0.076095,2022,6,9,18,18,39
1834,51.516814,-0.08162,2022,6,10,13,30,3
1835,51.51322,-0.095015,2022,6,11,2,26,2
1836,51.515728,-0.078393,2022,6,11,21,25,20
1837,51.513435,-0.075146,2022,6,14,12,46,22
1838,51.516733,-0.104252,2022,6,14,13,42,1
1839,51.510651,-0.080322,2022,6,14,16,37,52
1840,51.506338,-0.088227,2022,6,16,20,46,3
1841,51.51265,-0.101452,2022,6,17,19,45,41
1842,51.51868,-0.085173,2022,6,18,7,16,14
1843,51.515031,-0.100748,2022,6,20,13,4,38
1844,51.515621,-0.085086,2022,6,20,19,59,29
1845,51.517244,-0.080376,2022,6,21,22,22,7
1846,51.509344,-0.080665,2022,6,22,2,29,37
1847,51.520678,-0.080318,2022,6,24,3,15,57
1848,51.517244,-0.080376,2022,6,24,21,1,58
1849,51.51868,-0.085173,2022,6,24,22,3,25
1850,51.515033,-0.07825,2022,6,25,1,40,29
1851,51.515033,-0.07825,2022,6,25,6,51,25
1852,51.510873,-0.105561,2022,6,27,15,42,57
1853,51.513447,-0.093493,2022,6,27,16,43,31
1854,51.550955,-0.110157,2022,6,27,20,56,47
1855,51.517244,-0.080376,2022,6,28,22,29,0
1856,51.512598,-0.084967,2022,6,30,6,31,21
1857,51.514158,-0.100179,2022,6,30,16,29,25
1858,51.512598,-0.084967,2022,6,30,22,5,45
1859,51.517785,-0.079907,2022,7,1,9,30,47
1860,51.517656,-0.077563,2022,7,1,14,22,46
1861,51.515894,-0.075922,2022,7,1,21,15,10
1862,51.515894,-0.075922,2022,7,1,21,19,3
1863,51.517785,-0.079907,2022,7,3,10,23,58
1864,51.517785,-0.079907,2022,7,3,18,5,3
1865,51.51908,-0.103679,2022,7,5,10,52,54
1866,51.514627,-0.072156,2022,7,6,15,54,3
1867,51.513813,-0.073531,2022,7,6,16,47,19
1868,51.5131,-0.072542,2022,7,6,18,8,7
1869,51.513874,-0.096501,2022,7,7,15,57,40
1870,51.5131,-0.072542,2022,7,9,2,50,35
1871,51.514267,-0.079838,2022,7,10,1,44,46
1872,51.516212,-0.078849,2022,7,10,2,55,22
1873,51.51477,-0.101292,2022,7,10,3,51,30
1874,51.514267,-0.079838,2022,7,10,4,15,18
1875,51.514912,-0.07912,2022,7,11,16,33,24
1876,51.513736,-0.095224,2022,7,12,18,50,5
1877,51.503329,-0.091725,2022,7,13,2,26,3
1878,51.486588,0.102605,2022,7,13,10,42,22
1879,51.512624,-0.087157,2022,7,13,18,2,24
1880,51.519119,-0.056615,2022,7,14,4,34,39
1881,51.514626,-0.097291,2022,7,14,15,43,59
1882,51.513712,-0.104276,2022,7,14,18,13,34
1883,51.509965,-0.078477,2022,7,15,17,9,48
1884,51.517102,-0.088785,2022,7,15,17,59,21
1885,51.517102,-0.088785,2022,7,15,18,3,15
1886,51.511794,-0.101906,2022,7,15,22,36,45
1887,51.510725,-0.084844,2022,7,16,8,29,13
1888,51.518692,-0.081512,2022,7,17,17,8,15
1889,51.511196,-0.079521,2022,7,19,19,51,39
1890,51.511794,-0.101906,2022,7,20,12,49,54
1891,51.510836,-0.097176,2022,7,20,15,57,13
1892,51.513911,-0.102726,2022,7,20,17,48,26
1893,51.520455,-0.082648,2022,7,21,14,53,4
1894,51.50882,-0.081091,2022,7,22,23,44,25
1895,51.50882,-0.081091,2022,7,23,0,20,31
1896,51.5131,-0.072542,2022,7,23,19,21,22
1897,51.517656,-0.077563,2022,7,26,14,34,35
1898,51.515812,-0.077511,2022,7,26,16,40,28
1899,51.513874,-0.096501,2022,7,27,3,45,29
1900,51.516869,-0.081113,2022,7,28,3,25,33
1901,51.510725,-0.084844,2022,7,28,12,57,45
1902,51.517102,-0.088785,2022,7,28,13,33,6
1903,51.517296,-0.081902,2022,7,28,14,4,7
1904,51.512882,-0.084754,2022,7,28,16,34,34
1905,51.517326,-0.079883,2022,7,28,18,48,20
1906,51.516271,-0.092971,2022,7,28,18,54,27
1907,51.516271,-0.092971,2022,7,28,18,59,6
1908,51.518692,-0.081512,2022,7,28,22,24,17
1909,51.521435,-0.094759,2022,7,28,23,59,51
1910,51.511896,-0.09154,2022,7,29,22,59,13
1911,51.511794,-0.101906,2022,7,31,6,29,26
1912,51.513079,-0.09407,2022,8,3,21,29,19
1913,51.513079,-0.09407,2022,8,3,22,10,32
1914,51.518093,-0.078424,2022,8,5,10,25,8
1915,51.513736,-0.095224,2022,8,5,11,1,51
1916,51.517239,-0.106076,2022,8,6,19,13,15
1917,51.517296,-0.081902,2022,8,7,1,34,39
1918,51.509872,-0.092633,2022,8,7,8,7,20
1919,51.561206,-0.073115,2022,8,7,20,0,29
1920,51.518692,-0.081512,2022,8,8,14,18,16
1921,51.509785,-0.068095,2022,8,8,23,5,24
1922,51.509785,-0.068095,2022,8,8,23,11,30
1923,51.509872,-0.092633,2022,8,10,1,49,5
1924,51.514626,-0.097291,2022,8,10,10,15,24
1925,51.518692,-0.081512,2022,8,10,11,51,3
1926,51.514924,-0.074925,2022,8,11,6,39,33
1927,51.513736,-0.095224,2022,8,11,18,35,48
1928,51.513736,-0.095224,2022,8,11,18,39,32
1929,51.513736,-0.095224,2022,8,11,21,38,2
1930,51.513209,-0.0949,2022,8,12,19,52,49
1931,51.511794,-0.101906,2022,8,12,20,55,26
1932,51.517687,-0.112111,2022,8,13,5,43,3
1933,51.506722,-0.088586,2022,8,13,23,7,38
1934,51.516869,-0.081113,2022,8,14,0,8,33
1935,51.517296,-0.081902,2022,8,14,7,23,26
1936,51.511884,-0.108027,2022,8,14,20,23,44
1937,51.511196,-0.079521,2022,8,15,7,45,58
1938,51.513666,-0.078278,2022,8,17,17,18,30
1939,51.512033,-0.10498,2022,8,17,19,5,38
1940,51.512105,-0.085089,2022,8,19,11,29,44
1941,51.516271,-0.092971,2022,8,19,17,17,35
1942,51.517296,-0.081902,2022,8,19,22,31,37
1943,51.516869,-0.081113,2022,8,20,0,43,9
1944,51.518692,-0.081512,2022,8,20,4,54,45
1945,51.52355,-0.099284,2022,8,20,6,18,56
1946,51.515383,-0.078783,2022,8,20,12,56,50
1947,51.51777,-0.078495,2022,8,20,14,56,58
1948,51.519689,-0.098017,2022,8,20,20,48,29
1949,51.519689,-0.098017,2022,8,20,21,44,46
1950,51.517785,-0.079907,2022,8,21,0,47,38
1951,51.517785,-0.079907,2022,8,21,0,47,38
1952,51.517785,-0.079907,2022,8,21,0,47,38
1953,51.511196,-0.079521,2022,8,21,19,38,37
1954,51.513209,-0.0949,2022,8,23,21,17,58
1955,51.513631,-0.086019,2022,8,25,5,51,34
1956,51.51277,-0.118367,2022,8,26,20,12,22
1957,51.511896,-0.09154,2022,8,27,8,9,52
1958,51.511896,-0.09154,2022,8,27,9,9,12
1959,51.510761,-0.101963,2022,8,29,13,39,0
1960,51.510761,-0.101963,2022,8,29,13,46,12
1961,51.511037,-0.096274,2022,8,30,1,30,31
1962,51.511037,-0.096274,2022,8,30,1,31,35
1963,51.5097,-0.084844,2022,8,31,15,52,18
1964,51.518281,-0.111596,2022,9,1,2,5,54
1965,51.517846,-0.109164,2022,9,1,2,12,9
1966,51.517846,-0.109164,2022,9,1,2,26,42
1967,51.515178,-0.076716,2022,9,1,3,8,7
1968,51.51844,-0.078755,2022,9,1,21,5,20
1969,51.515383,-0.078783,2022,9,2,4,1,16
1970,51.515383,-0.078783,2022,9,2,5,18,15
1971,51.515383,-0.078783,2022,9,2,5,36,44
1972,51.515383,-0.078783,2022,9,2,20,19,12
1973,51.515383,-0.078783,2022,9,2,21,3,39
1974,51.516869,-0.081113,2022,9,3,3,42,52
1975,51.517785,-0.079907,2022,9,3,11,33,27
1976,51.517785,-0.079907,2022,9,3,11,42,0
1977,51.513712,-0.104276,2022,9,3,14,34,9
1978,51.513712,-0.104276,2022,9,3,14,46,52
1979,51.516869,-0.081113,2022,9,5,13,1,39
1980,51.518692,-0.081512,2022,9,5,20,21,23
1981,51.518692,-0.081512,2022,9,5,20,45,12
1982,51.515225,-0.069709,2022,9,9,5,8,17
1983,51.514448,-0.100888,2022,9,9,11,4,0
1984,51.517007,-0.086815,2022,9,9,15,59,9
1985,51.512624,-0.087157,2022,9,10,14,0,44
1986,51.511794,-0.101906,2022,9,11,0,17,29
1987,51.513736,-0.095224,2022,9,11,16,36,6
1988,51.511794,-0.101906,2022,9,15,20,32,48
1989,51.516869,-0.081113,2022,9,18,1,31,45
1990,51.517296,-0.081902,2022,9,20,3,14,15
1991,51.516271,-0.092971,2022,9,20,18,12,48
1992,51.516271,-0.092971,2022,9,20,18,48,52
1993,51.517461,-0.089808,2022,9,20,19,54,54
1994,51.517461,-0.089808,2022,9,21,0,4,7
1995,51.519676,-0.129614,2022,9,21,14,58,50
1996,51.512066,-0.074483,2022,9,22,4,14,47
1997,51.513631,-0.086019,2022,9,22,13,5,16
1998,51.511896,-0.09154,2022,9,23,17,59,28
1999,51.516869,-0.081113,2022,9,24,17,23,24
2000,51.481233,-0.027046,2022,9,26,10,12,43
2001,51.509965,-0.078477,2022,9,27,15,12,11
2002,51.516271,-0.092971,2022,9,27,18,20,33
2003,51.513079,-0.09407,2022,9,30,7,10,17
2004,51.517007,-0.086815,2022,9,30,13,33,35
2005,51.517461,-0.089808,2022,9,30,18,27,30
2006,51.517239,-0.106076,2022,10,1,17,47,31
2007,51.512549,-0.095764,2022,10,3,0,28,6
2008,51.516271,-0.092971,2022,10,3,18,12,41
2009,51.517369,-0.094655,2022,10,3,22,59,2
2010,51.509744,-0.089208,2022,10,4,4,32,51
2011,51.513542,-0.073456,2022,10,4,12,11,49
2012,51.513736,-0.095224,2022,10,5,9,50,14
2013,51.513736,-0.095224,2022,10,5,10,23,47
2014,51.517326,-0.079883,2022,10,5,16,2,25
2015,51.512658,-0.092531,2022,10,6,21,13,0
2016,51.515062,-0.097144,2022,10,7,5,41,22
2017,51.515062,-0.097144,2022,10,7,5,52,53
2018,51.520689,-0.080448,2022,10,10,19,4,2
2019,51.517461,-0.089808,2022,10,11,22,41,56
2020,51.512105,-0.085089,2022,10,14,19,37,45
2021,51.520551,-0.0985,2022,10,15,3,27,33
2022,51.511965,-0.075453,2022,10,16,4,28,10
2023,51.511965,-0.075453,2022,10,16,4,40,19
2024,51.511965,-0.075453,2022,10,16,4,46,38
2025,51.511965,-0.075453,2022,10,16,4,53,34
2026,51.512882,-0.084754,2022,10,16,18,10,32
2027,51.517785,-0.079907,2022,10,17,14,21,17
2028,51.513736,-0.095224,2022,10,17,14,34,25
2029,51.517785,-0.079907,2022,10,17,17,42,48
2030,51.517785,-0.079907,2022,10,17,18,0,29
2031,51.517785,-0.079907,2022,10,17,20,48,17
2032,51.511794,-0.101906,2022,10,19,16,37,13
2033,51.513813,-0.073531,2022,10,20,5,58,14
2034,51.517656,-0.077563,2022,10,20,22,37,13
2035,51.517656,-0.077563,2022,10,22,15,33,44
2036,51.579203,-0.123808,2022,10,23,1,59,59
2037,51.513188,-0.091947,2022,10,23,18,48,38
2038,51.516271,-0.076425,2022,10,24,4,55,50
2039,51.516271,-0.076425,2022,10,24,5,10,15
2040,51.511896,-0.09154,2022,10,24,22,20,51
2041,51.517332,-0.098519,2022,10,26,17,52,4
2042,51.514267,-0.079838,2022,10,28,0,26,13
2043,51.517326,-0.079883,2022,10,28,3,43,27
2044,51.514267,-0.079838,2022,10,28,14,29,33
2045,51.517461,-0.089808,2022,10,28,20,1,1
2046,51.520455,-0.078757,2022,10,29,2,34,6
2047,51.520455,-0.078757,2022,10,29,2,39,38
2048,51.520455,-0.078757,2022,10,29,5,32,9
2049,51.520455,-0.078757,2022,10,29,5,43,44
2050,51.511332,-0.077959,2022,10,29,16,21,43
2051,51.511332,-0.077959,2022,10,29,17,28,2
2052,51.511896,-0.09154,2022,10,30,3,5,19
2053,51.511896,-0.09154,2022,10,30,3,26,58
2054,51.511896,-0.09154,2022,10,30,3,45,49
2055,51.511896,-0.09154,2022,10,30,7,11,26
2056,51.523001,-0.098715,2022,11,3,16,6,15
2057,51.516103,-0.089822,2022,11,3,21,52,30
2058,51.510864,-0.089479,2022,11,4,3,22,10
2059,51.510864,-0.089479,2022,11,4,6,9,35
2060,51.510864,-0.089479,2022,11,4,6,38,9
2061,51.510864,-0.089479,2022,11,4,6,40,6
2062,51.516271,-0.092971,2022,11,4,15,19,43
2063,51.516271,-0.092971,2022,11,4,15,25,52
2064,51.511759,-0.076038,2022,11,5,1,52,49
2065,51.512105,-0.085089,2022,11,6,18,34,49
2066,51.511965,-0.075453,2022,11,9,5,44,50
2067,51.511965,-0.075453,2022,11,9,7,14,56
2068,51.527173,-0.080478,2022,11,9,16,57,11
2069,51.513631,-0.086019,2022,11,11,11,13,9
2070,51.513666,-0.078278,2022,11,11,15,41,16
2071,51.513631,-0.086019,2022,11,12,3,17,7
2072,51.51477,-0.101292,2022,11,14,8,2,3
2073,51.510725,-0.084844,2022,11,16,23,17,55
2074,51.513209,-0.0949,2022,11,17,21,8,15
2075,51.515178,-0.076716,2022,11,18,1,39,48
2076,51.515178,-0.076716,2022,11,18,2,58,9
2077,51.517051,-0.102812,2022,11,18,19,23,46
2078,51.517051,-0.102812,2022,11,18,19,41,39
2079,51.517461,-0.089808,2022,11,18,20,7,37
2080,51.51277,-0.118367,2022,11,19,3,10,56
2081,51.513736,-0.095224,2022,11,21,16,1,9
2082,51.513736,-0.095224,2022,11,21,16,9,49
2083,51.511794,-0.101906,2022,11,22,4,5,33
2084,51.508312,-0.079138,2022,11,22,18,25,57
2085,51.517461,-0.089808,2022,11,23,5,55,22
2086,51.519045,-0.097078,2022,11,23,19,7,30
2087,51.519045,-0.097078,2022,11,24,13,16,19
2088,51.513631,-0.086019,2022,11,24,16,1,19
2089,51.517239,-0.106076,2022,11,25,19,5,3
2090,51.51119,-0.085228,2022,11,25,21,26,30
2091,51.51277,-0.118367,2022,11,26,21,42,6
2092,51.518461,-0.097103,2022,11,27,0,46,46
2093,51.511896,-0.09154,2022,11,29,17,6,28
