,Type,Latitude,Longitude,Year,Month,Day,Hour,Minute,Second
3,Person search,51.517431,-0.082458,2019,12,3,9,48,8
4,Person search,51.516814,-0.08162,2019,12,4,2,53,26
5,Person search,51.513114,-0.086272,2019,12,4,3,15,57
6,Person search,51.51806,-0.110683,2019,12,4,6,36,19
7,Person search,51.51768,-0.078484,2019,12,4,12,37,18
10,Person search,51.516814,-0.08162,2019,12,5,6,13,8
11,Person and Vehicle search,51.517032,-0.089451,2019,12,7,2,44,55
12,Person and Vehicle search,51.517032,-0.089451,2019,12,7,3,3,19
13,Person search,51.513132,-0.09071,2019,12,7,7,47,16
15,Person and Vehicle search,51.515075,-0.077513,2019,12,9,12,4,42
19,Person and Vehicle search,51.513051,-0.104001,2019,12,10,11,49,3
20,Person and Vehicle search,51.516814,-0.08162,2019,12,12,10,37,12
21,Person search,51.514276,-0.087549,2019,12,13,5,30,45
22,Person search,51.514151,-0.074958,2019,12,14,2,29,15
23,Person and Vehicle search,51.516814,-0.08162,2019,12,14,5,21,24
24,Person and Vehicle search,51.517058,-0.083296,2019,12,15,4,25,49
27,Person search,51.516814,-0.08162,2019,12,16,6,52,57
28,Person search,51.51104,-0.113726,2019,12,17,1,55,56
29,Person search,51.516508,-0.079398,2019,12,17,4,40,41
30,Person search,51.516508,-0.079398,2019,12,17,4,49,8
31,Person search,51.517588,-0.076686,2019,12,17,7,25,3
33,Person and Vehicle search,51.525017,-0.035504,2019,12,18,7,12,50
34,Person search,51.512598,-0.084967,2019,12,18,7,36,9
35,Person and Vehicle search,51.525017,-0.035504,2019,12,18,8,6,25
38,Person and Vehicle search,51.516814,-0.08162,2019,12,18,10,0,47
39,Person search,51.512147,-0.092077,2019,12,18,10,3,45
40,Person and Vehicle search,51.508066,-0.08778,2019,12,19,3,24,37
41,Person search,51.509848,-0.104494,2019,12,19,8,46,46
42,Person search,51.517576,-0.079786,2019,12,19,9,16,54
43,Person search,51.516814,-0.08162,2019,12,19,9,16,54
44,Person and Vehicle search,51.516894,-0.076067,2019,12,19,10,33,28
46,Person and Vehicle search,51.515075,-0.077513,2019,12,20,7,28,52
47,Person search,51.51265,-0.101452,2019,12,20,9,47,24
48,Person and Vehicle search,51.51265,-0.101452,2019,12,20,11,43,11
49,Person and Vehicle search,51.508066,-0.08778,2019,12,20,12,28,27
53,Person search,51.514457,-0.073849,2019,12,21,2,14,43
54,Person and Vehicle search,51.512682,-0.084618,2019,12,21,4,45,28
55,Person and Vehicle search,51.512598,-0.084967,2019,12,21,4,45,28
56,Person and Vehicle search,51.517032,-0.089451,2019,12,21,4,46,12
57,Person and Vehicle search,51.51265,-0.101452,2019,12,21,10,30,23
58,Person and Vehicle search,51.512598,-0.084967,2019,12,22,7,40,58
59,Person and Vehicle search,51.512598,-0.084967,2019,12,22,7,40,58
60,Person and Vehicle search,51.51265,-0.101452,2019,12,23,3,34,22
61,Person search,51.51265,-0.101452,2019,12,23,3,36,4
62,Person search,51.513915,-0.07318,2019,12,23,8,30,17
63,Person search,51.513915,-0.07318,2019,12,23,9,33,7
64,Person and Vehicle search,51.516351,-0.082965,2019,12,23,11,31,26
65,Person search,51.515606,-0.094094,2019,12,25,8,9,58
67,Person search,51.528493,-0.091394,2019,12,27,10,1,28
68,Person and Vehicle search,51.528493,-0.091394,2019,12,27,10,2,23
69,Person and Vehicle search,51.512856,-0.073254,2019,12,28,11,18,50
71,Person and Vehicle search,51.512856,-0.073254,2019,12,29,3,10,1
75,Person and Vehicle search,51.518262,-0.088203,2019,12,29,11,59,4
80,Person and Vehicle search,51.517577,-0.098062,2020,1,1,8,12,36
81,Person and Vehicle search,51.513885,-0.102741,2020,1,1,8,40,7
82,Person search,51.516814,-0.08162,2020,1,2,2,7,16
83,Person and Vehicle search,51.51265,-0.101452,2020,1,2,7,41,52
85,Person and Vehicle search,51.513389,-0.080034,2020,1,3,1,29,9
86,Person and Vehicle search,51.516966,-0.1059,2020,1,3,4,5,21
87,Person search,51.513268,-0.100202,2020,1,3,4,36,47
88,Person and Vehicle search,51.508066,-0.08778,2020,1,4,2,34,26
92,Person and Vehicle search,51.514858,0.004717,2020,1,6,3,22,13
97,Person search,51.517184,-0.076747,2020,1,7,4,16,57
99,Person search,51.51768,-0.078484,2020,1,9,6,44,58
101,Person search,51.516351,-0.082965,2020,1,11,5,58,57
102,Person search,51.516351,-0.082965,2020,1,11,7,32,57
103,Person search,51.516351,-0.082965,2020,1,11,11,9,39
104,Person and Vehicle search,51.514461,-0.092268,2020,1,11,12,7,55
106,Person search,51.509848,-0.104494,2020,1,12,10,35,5
107,Person search,51.513377,-0.096363,2020,1,13,2,13,49
109,Person search,51.515739,-0.100632,2020,1,14,1,40,39
111,Person search,51.516814,-0.08162,2020,1,14,6,53,1
112,Person and Vehicle search,51.514151,-0.074958,2020,1,15,7,31,8
113,Person search,51.517058,-0.083296,2020,1,16,5,56,30
116,Person and Vehicle search,51.513171,-0.077694,2020,1,17,4,54,51
117,Person and Vehicle search,51.522003,-0.117684,2020,1,17,6,56,31
118,Person search,51.516834,-0.076199,2020,1,17,8,53,41
119,Person and Vehicle search,51.515196,-0.071772,2020,1,17,9,30,37
121,Person search,51.517576,-0.079786,2020,1,19,4,6,6
126,Person and Vehicle search,51.513389,-0.080034,2020,1,21,7,42,34
128,Person search,51.517184,-0.076747,2020,1,22,9,59,2
129,Person search,51.516814,-0.08162,2020,1,22,11,14,51
130,Person and Vehicle search,51.516814,-0.08162,2020,1,23,1,53,11
131,Person and Vehicle search,51.51265,-0.101452,2020,1,23,2,39,6
132,Person and Vehicle search,51.51265,-0.101452,2020,1,23,3,35,25
135,Person search,51.52029,-0.078591,2020,1,23,9,48,9
136,Person search,51.509547,-0.076031,2020,1,24,4,21,28
137,Person and Vehicle search,51.508066,-0.08778,2020,1,24,6,14,40
139,Person search,51.510651,-0.080322,2020,1,25,5,48,8
141,Person and Vehicle search,51.51265,-0.101452,2020,1,25,9,28,28
142,Person and Vehicle search,51.514151,-0.074958,2020,1,25,11,21,45
143,Person search,51.511625,-0.081549,2020,1,26,5,58,15
144,Person search,51.516886,-0.090985,2020,1,26,12,49,32
145,Person and Vehicle search,51.51905,-0.076437,2020,1,27,3,45,53
151,Person and Vehicle search,51.516814,-0.08162,2020,1,29,3,15,52
152,Person search,51.513194,-0.092321,2020,1,30,3,7,0
153,Person and Vehicle search,51.508066,-0.08778,2020,1,30,5,6,48
156,Person search,51.516006,-0.080573,2020,2,1,2,30,37
160,Person and Vehicle search,51.515606,-0.094094,2020,2,2,5,20,11
161,Person search,51.516497,-0.094115,2020,2,2,6,27,50
162,Person and Vehicle search,51.510913,-0.101395,2020,2,3,2,33,5
163,Person search,51.516814,-0.08162,2020,2,4,3,0,51
164,Person search,51.516814,-0.08162,2020,2,4,3,12,48
165,Person search,51.516508,-0.079398,2020,2,4,4,3,21
173,Person and Vehicle search,51.518864,-0.097562,2020,2,7,5,55,34
176,Person and Vehicle search,51.518226,-0.111497,2020,2,8,4,35,27
177,Person search,51.516508,-0.079398,2020,2,8,8,41,54
181,Person search,51.516508,-0.079398,2020,2,12,8,38,47
184,Person search,51.516497,-0.094115,2020,2,16,2,30,1
185,Person and Vehicle search,51.51265,-0.101452,2020,2,19,4,39,24
186,Person and Vehicle search,51.51265,-0.101452,2020,2,19,7,14,10
189,Person and Vehicle search,51.51265,-0.101452,2020,2,20,3,13,52
190,Person and Vehicle search,51.511749,-0.108018,2020,2,20,10,56,24
197,Person search,51.504439,-0.090915,2020,2,25,5,28,32
200,Person and Vehicle search,51.517032,-0.089451,2020,2,26,6,46,2
202,Person and Vehicle search,51.55269,-0.109594,2020,2,26,9,22,39
203,Person and Vehicle search,51.513171,-0.077694,2020,2,26,12,41,26
208,Person and Vehicle search,51.509848,-0.104494,2020,2,29,9,48,42
209,Person and Vehicle search,51.509848,-0.104494,2020,2,29,10,7,26
210,Person and Vehicle search,51.518864,-0.097562,2020,2,29,12,52,29
211,Person search,51.505103,-0.099677,2020,2,29,12,54,2
214,Person search,51.513952,-0.085833,2020,3,3,3,49,33
215,Person and Vehicle search,51.514151,-0.074958,2020,3,4,4,49,44
216,Person search,51.516814,-0.08162,2020,3,4,4,50,2
217,Person and Vehicle search,51.51121,-0.094206,2020,3,4,7,34,50
218,Person search,51.516814,-0.08162,2020,3,6,2,58,13
219,Person search,51.512147,-0.092077,2020,3,6,10,57,35
221,Person search,51.517149,-0.08776,2020,3,7,11,33,57
222,Person and Vehicle search,51.511625,-0.081549,2020,3,9,4,16,0
225,Person and Vehicle search,51.509775,-0.085014,2020,3,10,11,42,19
228,Person and Vehicle search,51.508066,-0.08778,2020,3,12,1,20,54
230,Person search,51.516147,-0.082066,2020,3,13,4,31,51
231,Person search,51.514203,-0.094628,2020,3,13,7,41,51
233,Person and Vehicle search,51.516966,-0.1059,2020,3,13,11,6,28
234,Person and Vehicle search,51.514461,-0.092268,2020,3,14,3,37,19
235,Person search,51.511916,-0.076853,2020,3,15,4,18,49
244,Person and Vehicle search,51.512147,-0.092077,2020,3,23,5,58,51
247,Person search,51.511122,-0.087666,2020,3,26,8,22,6
249,Person and Vehicle search,51.509848,-0.104494,2020,3,26,9,47,16
250,Person and Vehicle search,51.517728,-0.10238,2020,3,26,11,39,52
251,Person and Vehicle search,51.512147,-0.092077,2020,3,26,11,48,11
252,Person and Vehicle search,51.516867,-0.022004,2020,3,27,5,29,11
256,Person and Vehicle search,51.516351,-0.082965,2020,4,2,0,54,17
257,Person and Vehicle search,51.515546,-0.070056,2020,4,3,9,22,46
258,Person and Vehicle search,51.516047,-0.075411,2020,4,3,11,3,8
262,Person and Vehicle search,51.51962,-0.088766,2020,4,7,10,53,17
263,Person and Vehicle search,51.522615,-0.077253,2020,4,10,2,32,27
264,Person search,51.509848,-0.104494,2020,4,10,11,20,30
267,Person search,51.518864,-0.097562,2020,4,13,4,4,6
271,Person and Vehicle search,51.583366,-0.072178,2020,4,16,7,32,25
272,Person and Vehicle search,51.589418,-0.076556,2020,4,16,8,23,26
274,Person search,51.506895,-0.058634,2020,4,17,8,17,19
276,Person and Vehicle search,51.509027,-0.06304,2020,4,19,4,54,19
283,Person and Vehicle search,51.516814,-0.08162,2020,4,24,7,22,58
284,Person search,51.51768,-0.078484,2020,4,24,10,35,11
285,Person and Vehicle search,51.51265,-0.076044,2020,4,26,2,1,2
289,Person and Vehicle search,51.516966,-0.1059,2020,4,29,1,11,49
290,Person search,51.516966,-0.1059,2020,4,29,1,19,8
291,Person and Vehicle search,51.512147,-0.092077,2020,5,2,0,41,25
293,Person and Vehicle search,51.51265,-0.101452,2020,5,6,1,43,7
294,Person search,51.51265,-0.101452,2020,5,6,11,57,36
295,Person and Vehicle search,51.508181,-0.019397,2020,5,7,3,2,19
299,Person search,51.518231,-0.112939,2020,5,10,1,9,50
300,Person search,51.518231,-0.112939,2020,5,10,1,10,44
301,Person and Vehicle search,51.518231,-0.112939,2020,5,10,1,13,28
306,Person and Vehicle search,51.515728,-0.078393,2020,5,11,10,53,58
309,Person search,51.506255,-0.074901,2020,5,13,0,50,9
310,Person search,51.506255,-0.074901,2020,5,13,1,25,34
311,Person search,51.511711,-0.07421,2020,5,13,11,42,54
313,Person search,51.513952,-0.085833,2020,5,16,9,57,55
315,Person search,51.515484,-0.088233,2020,5,19,3,18,54
316,Person and Vehicle search,51.540568,0.002083,2020,5,19,9,36,46
318,Person search,51.513928,-0.108231,2020,5,20,0,46,3
319,Person and Vehicle search,51.513928,-0.108231,2020,5,20,0,46,34
320,Person search,51.51121,-0.094206,2020,5,20,0,53,22
321,Person and Vehicle search,51.592365,-0.082452,2020,5,20,4,20,26
322,Person search,51.517032,-0.089451,2020,5,21,1,29,37
326,Person search,51.516351,-0.082965,2020,5,24,8,30,36
328,Person and Vehicle search,51.512147,-0.092077,2020,5,25,4,12,56
329,Person search,51.512791,-0.101274,2020,5,26,0,31,44
330,Person and Vehicle search,51.506338,-0.088227,2020,5,30,5,58,57
331,Person and Vehicle search,51.506338,-0.088227,2020,5,30,6,0,35
332,Person and Vehicle search,51.506255,-0.074901,2020,6,2,3,6,55
333,Person search,51.514513,-0.096561,2020,6,2,6,41,19
334,Person search,51.510913,-0.101395,2020,6,3,2,42,33
335,Person search,51.510913,-0.101395,2020,6,3,3,20,9
336,Person and Vehicle search,51.517032,-0.089451,2020,6,3,8,36,28
337,Person and Vehicle search,51.517032,-0.089451,2020,6,3,10,57,38
338,Person search,51.51768,-0.078484,2020,6,4,11,28,49
339,Person and Vehicle search,51.513051,-0.104001,2020,6,5,2,59,45
340,Person and Vehicle search,51.513051,-0.104001,2020,6,5,3,2,46
342,Person and Vehicle search,51.51972,-0.099933,2020,6,10,0,49,48
343,Person search,51.516351,-0.082965,2020,6,10,8,20,9
344,Person and Vehicle search,51.506255,-0.074901,2020,6,11,3,36,36
345,Person search,51.506255,-0.074901,2020,6,11,3,50,12
347,Person and Vehicle search,51.5169,-0.084095,2020,6,12,1,18,3
348,Person search,51.5169,-0.084095,2020,6,12,4,17,19
349,Person search,51.515504,-0.07627,2020,6,14,4,22,40
350,Person search,51.512598,-0.084967,2020,6,14,7,19,24
351,Person search,51.509547,-0.076031,2020,6,15,0,57,49
352,Person search,51.509547,-0.076031,2020,6,15,1,10,53
355,Person and Vehicle search,51.517032,-0.089451,2020,6,17,3,6,39
356,Person search,51.514203,-0.094628,2020,6,18,5,21,41
357,Person and Vehicle search,51.515196,-0.071772,2020,6,18,6,35,10
358,Person and Vehicle search,51.51992,-0.056696,2020,6,18,9,12,24
359,Person and Vehicle search,51.516894,-0.076067,2020,6,19,5,6,37
362,Person and Vehicle search,51.513114,-0.086272,2020,6,20,11,19,59
363,Person and Vehicle search,51.515033,-0.07825,2020,6,21,3,8,22
365,Person search,51.518799,-0.077601,2020,6,21,5,15,38
366,Person search,51.506255,-0.074901,2020,6,21,10,34,56
367,Person and Vehicle search,51.51121,-0.094206,2020,6,22,1,35,51
368,Person search,51.51142,-0.097699,2020,6,22,3,39,5
369,Person search,51.51142,-0.097699,2020,6,22,4,11,23
370,Person search,51.516814,-0.08162,2020,6,22,7,0,29
371,Person search,51.516814,-0.08162,2020,6,22,9,51,21
374,Person search,51.51768,-0.078484,2020,6,23,5,13,34
377,Person and Vehicle search,51.516347,-0.104887,2020,6,25,0,23,16
378,Person search,51.514151,-0.074958,2020,6,26,8,22,20
388,Person and Vehicle search,51.512117,-0.102411,2020,7,1,3,10,5
389,Person and Vehicle search,51.512117,-0.102411,2020,7,1,3,10,5
390,Person search,51.512117,-0.102411,2020,7,1,3,16,33
391,Person search,51.512117,-0.102411,2020,7,1,3,16,33
392,Person search,51.518864,-0.097562,2020,7,3,3,28,28
393,Person search,51.518864,-0.097562,2020,7,3,3,28,28
396,Person and Vehicle search,51.514151,-0.074958,2020,7,4,6,4,21
397,Person and Vehicle search,51.514151,-0.074958,2020,7,4,6,4,21
398,Person search,51.522233,-0.107382,2020,7,4,10,54,43
399,Person search,51.522233,-0.107382,2020,7,4,10,54,43
402,Person search,51.515504,-0.07627,2020,7,5,1,23,29
403,Person search,51.515504,-0.07627,2020,7,5,1,23,29
408,Person search,51.515504,-0.07627,2020,7,5,1,58,37
409,Person search,51.515504,-0.07627,2020,7,5,1,58,37
410,Person search,51.514457,-0.073849,2020,7,5,10,31,7
411,Person search,51.514457,-0.073849,2020,7,5,10,31,7
416,Person and Vehicle search,51.521667,-0.067145,2020,7,9,6,10,44
417,Person and Vehicle search,51.521667,-0.067145,2020,7,9,6,10,44
418,Person and Vehicle search,51.513928,-0.108231,2020,7,9,8,7,41
419,Person and Vehicle search,51.513928,-0.108231,2020,7,9,8,7,41
420,Person search,51.515307,-0.097277,2020,7,9,10,0,11
421,Person search,51.515307,-0.097277,2020,7,9,10,0,11
422,Person search,51.515142,-0.097645,2020,7,9,11,26,21
423,Person search,51.515142,-0.097645,2020,7,9,11,26,21
426,Person and Vehicle search,51.51121,-0.094206,2020,7,10,3,47,21
427,Person and Vehicle search,51.51121,-0.094206,2020,7,10,3,47,21
430,Person and Vehicle search,51.516814,-0.08162,2020,7,11,2,26,19
431,Person and Vehicle search,51.516814,-0.08162,2020,7,11,2,26,19
434,Person search,51.51768,-0.078484,2020,7,13,3,34,6
435,Person search,51.51768,-0.078484,2020,7,13,3,34,6
436,Person search,51.508587,-0.078924,2020,7,13,3,42,20
437,Person search,51.508587,-0.078924,2020,7,13,3,42,20
438,Person search,51.508587,-0.078924,2020,7,13,4,42,33
439,Person search,51.508587,-0.078924,2020,7,13,4,42,33
440,Person search,51.516508,-0.079398,2020,7,13,10,50,11
441,Person search,51.516508,-0.079398,2020,7,13,10,50,11
444,Person search,51.513952,-0.085833,2020,7,14,2,25,20
445,Person search,51.513952,-0.085833,2020,7,14,2,25,20
446,Person search,51.511386,-0.092296,2020,7,14,9,58,31
447,Person search,51.511386,-0.092296,2020,7,14,9,58,31
450,Person search,51.514753,-0.082571,2020,7,15,8,30,46
451,Person search,51.514753,-0.082571,2020,7,15,8,30,46
454,Person search,51.518462,-0.093845,2020,7,16,3,11,17
455,Person search,51.518462,-0.093845,2020,7,16,3,11,17
456,Person and Vehicle search,51.513377,-0.096363,2020,7,16,4,22,38
457,Person and Vehicle search,51.513377,-0.096363,2020,7,16,4,22,38
464,Person search,51.513377,-0.096363,2020,7,20,7,52,9
465,Person search,51.513377,-0.096363,2020,7,20,7,52,9
468,Person search,51.520846,-0.100593,2020,7,21,0,12,46
469,Person search,51.520846,-0.100593,2020,7,21,0,12,46
470,Person search,51.519312,-0.103597,2020,7,21,0,38,57
471,Person search,51.519312,-0.103597,2020,7,21,0,38,57
472,Person search,51.519312,-0.103597,2020,7,21,2,4,57
473,Person search,51.519312,-0.103597,2020,7,21,2,4,57
474,Person and Vehicle search,51.509848,-0.104494,2020,7,21,3,38,38
475,Person and Vehicle search,51.509848,-0.104494,2020,7,21,3,38,38
476,Person and Vehicle search,51.511053,-0.075722,2020,7,21,6,32,0
477,Person and Vehicle search,51.511053,-0.075722,2020,7,21,6,32,0
480,Person and Vehicle search,51.506255,-0.074901,2020,7,22,2,41,41
481,Person and Vehicle search,51.506255,-0.074901,2020,7,22,2,41,41
482,Person and Vehicle search,51.516814,-0.08162,2020,7,22,5,0,16
483,Person and Vehicle search,51.516814,-0.08162,2020,7,22,5,0,16
490,Person search,51.521038,-0.078718,2020,7,23,11,26,32
491,Person search,51.521038,-0.078718,2020,7,23,11,26,32
492,Person search,51.517231,-0.079613,2020,7,24,0,14,6
493,Person search,51.517231,-0.079613,2020,7,24,0,14,6
494,Person search,51.517196,-0.085149,2020,7,24,0,45,44
495,Person search,51.517196,-0.085149,2020,7,24,0,45,44
496,Person search,51.518511,-0.08531,2020,7,24,1,23,41
497,Person search,51.518511,-0.08531,2020,7,24,1,23,41
498,Person search,51.517231,-0.079613,2020,7,24,1,41,10
499,Person search,51.517231,-0.079613,2020,7,24,1,41,10
502,Person search,51.516814,-0.08162,2020,7,25,1,31,22
503,Person search,51.516814,-0.08162,2020,7,25,1,31,22
504,Person and Vehicle search,51.516814,-0.08162,2020,7,25,1,43,47
505,Person and Vehicle search,51.516814,-0.08162,2020,7,25,1,43,47
506,Person and Vehicle search,51.516814,-0.08162,2020,7,25,3,28,22
507,Person and Vehicle search,51.516814,-0.08162,2020,7,25,3,28,22
514,Person search,51.518262,-0.097053,2020,7,25,7,22,8
515,Person search,51.518262,-0.097053,2020,7,25,7,22,8
516,Person search,51.512888,-0.094482,2020,7,27,2,1,20
517,Person search,51.512888,-0.094482,2020,7,27,2,1,20
520,Person search,51.512027,-0.082527,2020,7,28,6,0,10
521,Person search,51.512027,-0.082527,2020,7,28,6,0,10
522,Person and Vehicle search,51.512027,-0.082527,2020,7,28,7,53,40
523,Person and Vehicle search,51.512027,-0.082527,2020,7,28,7,53,40
524,Person and Vehicle search,51.52331,-0.098342,2020,7,29,0,45,4
525,Person and Vehicle search,51.52331,-0.098342,2020,7,29,0,45,4
526,Person and Vehicle search,51.516814,-0.08162,2020,7,29,6,4,34
527,Person and Vehicle search,51.516814,-0.08162,2020,7,29,6,4,34
528,Person search,51.513769,-0.076833,2020,7,30,2,59,43
529,Person search,51.513769,-0.076833,2020,7,30,2,59,43
530,Person search,51.51539,-0.070437,2020,7,30,8,52,15
531,Person search,51.51539,-0.070437,2020,7,30,8,52,15
532,Person and Vehicle search,51.517032,-0.089451,2020,7,31,3,27,44
533,Person and Vehicle search,51.517032,-0.089451,2020,7,31,3,27,44
534,Person and Vehicle search,51.51768,-0.078484,2020,7,31,5,2,27
535,Person and Vehicle search,51.51768,-0.078484,2020,7,31,5,2,27
536,Person and Vehicle search,51.52051,-0.08158,2020,7,31,8,17,28
537,Person and Vehicle search,51.52051,-0.08158,2020,7,31,8,17,28
538,Person and Vehicle search,51.504764,-0.113192,2020,7,31,9,1,11
539,Person and Vehicle search,51.504764,-0.113192,2020,7,31,9,1,11
540,Person search,51.521038,-0.078718,2020,8,3,4,3,46
542,Person and Vehicle search,51.509532,-0.088843,2020,8,4,0,23,8
543,Person search,51.509532,-0.088843,2020,8,4,0,29,22
544,Person and Vehicle search,51.518864,-0.097562,2020,8,5,6,16,28
546,Person search,51.513447,-0.093493,2020,8,6,4,14,38
549,Person and Vehicle search,51.51792,-0.092628,2020,8,8,1,18,7
550,Person search,51.513389,-0.080034,2020,8,8,8,45,41
552,Person search,51.510868,-0.0969,2020,8,9,1,56,31
553,Person search,51.512387,-0.082512,2020,8,9,2,11,50
554,Person and Vehicle search,51.512387,-0.082512,2020,8,9,3,11,54
557,Person and Vehicle search,51.514457,-0.073849,2020,8,11,2,34,2
559,Person and Vehicle search,51.509848,-0.104494,2020,8,12,0,46,13
561,Person search,51.516351,-0.082965,2020,8,12,2,20,38
564,Person search,51.516347,-0.104887,2020,8,13,2,16,19
567,Person search,51.508066,-0.08778,2020,8,14,1,42,37
568,Person and Vehicle search,51.516767,-0.098572,2020,8,15,1,14,57
569,Person search,51.519703,-0.101649,2020,8,16,0,31,56
574,Person and Vehicle search,51.525017,-0.035504,2020,8,17,4,44,32
576,Person and Vehicle search,51.510014,-0.081516,2020,8,18,7,44,28
577,Person search,51.511923,-0.086624,2020,8,18,10,32,41
580,Person search,51.51768,-0.078484,2020,8,19,11,45,17
581,Person and Vehicle search,51.509848,-0.104494,2020,8,20,2,44,53
582,Person search,51.516814,-0.08162,2020,8,21,2,26,22
583,Person and Vehicle search,51.52029,-0.078591,2020,8,21,2,38,28
591,Person and Vehicle search,51.513389,-0.080034,2020,8,27,10,8,1
593,Person and Vehicle search,51.51768,-0.078484,2020,8,28,9,27,18
594,Person and Vehicle search,51.51104,-0.113726,2020,8,28,10,30,22
595,Person search,51.516351,-0.082965,2020,8,29,4,2,38
596,Person and Vehicle search,51.516347,-0.104887,2020,8,29,6,47,41
597,Person and Vehicle search,51.509848,-0.104494,2020,8,31,2,45,22
599,Person and Vehicle search,51.516814,-0.08162,2020,8,31,3,41,43
604,Person and Vehicle search,51.509848,-0.104494,2020,8,31,11,5,44
605,Person search,51.519812,-0.093933,2020,9,1,7,43,34
606,Person search,51.517149,-0.08776,2020,9,1,8,34,25
609,Person search,51.512108,-0.097973,2020,9,5,0,33,56
611,Person and Vehicle search,51.509757,-0.083386,2020,9,6,1,6,36
612,Person search,51.516814,-0.08162,2020,9,6,7,59,26
615,Person search,51.516497,-0.094115,2020,9,8,11,51,9
616,Person search,51.516814,-0.08162,2020,9,9,5,20,13
617,Person search,51.518864,-0.097562,2020,9,10,2,32,4
618,Person and Vehicle search,51.515033,-0.07825,2020,9,11,3,39,1
619,Person search,51.517058,-0.083296,2020,9,12,1,14,26
621,Person search,51.511133,-0.096659,2020,9,12,6,23,41
622,Person search,51.517058,-0.083296,2020,9,12,7,7,29
623,Person search,51.509547,-0.076031,2020,9,13,1,30,10
624,Person search,51.509547,-0.076031,2020,9,13,2,7,9
625,Person search,51.51768,-0.078484,2020,9,13,3,4,59
626,Person search,51.510795,-0.077578,2020,9,13,8,23,34
627,Person search,51.516814,-0.08162,2020,9,14,10,13,19
628,Person and Vehicle search,51.517231,-0.079613,2020,9,15,5,34,46
629,Person search,51.517058,-0.083296,2020,9,16,0,22,54
631,Person search,51.517431,-0.082458,2020,9,17,6,12,7
632,Person and Vehicle search,51.517032,-0.089451,2020,9,17,6,55,10
633,Person and Vehicle search,51.506255,-0.074901,2020,9,17,9,18,30
635,Person and Vehicle search,51.517196,-0.085149,2020,9,18,0,46,44
636,Person search,51.511916,-0.076853,2020,9,18,5,1,39
638,Person search,51.511916,-0.076853,2020,9,18,5,34,5
639,Person search,51.513389,-0.080034,2020,9,18,8,22,48
640,Person and Vehicle search,51.516508,-0.079398,2020,9,21,1,38,12
641,Person search,51.517032,-0.089451,2020,9,21,5,10,29
642,Person search,51.509313,-0.07385,2020,9,21,7,10,20
643,Person and Vehicle search,51.511749,-0.108018,2020,9,22,3,33,3
646,Person search,51.515728,-0.078393,2020,9,24,1,1,14
648,Person search,51.515728,-0.078393,2020,9,24,5,59,12
650,Person search,51.516006,-0.080573,2020,9,27,0,22,49
651,Person search,51.516347,-0.104887,2020,9,28,1,1,53
652,Person search,51.513171,-0.077694,2020,9,28,6,13,25
653,Person and Vehicle search,51.510828,-0.086166,2020,9,28,6,55,59
654,Person and Vehicle search,51.516767,-0.098572,2020,9,29,1,44,43
655,Person search,51.516814,-0.08162,2020,9,29,2,50,40
657,Person and Vehicle search,51.513389,-0.080034,2020,9,30,8,46,12
658,Person and Vehicle search,51.513389,-0.080034,2020,9,30,9,56,35
660,Person search,51.512598,-0.084967,2020,10,2,7,35,19
661,Person and Vehicle search,51.510795,-0.077578,2020,10,2,8,47,43
663,Person and Vehicle search,51.512678,-0.079444,2020,10,3,0,33,17
664,Person and Vehicle search,51.516347,-0.104887,2020,10,3,6,53,52
666,Person and Vehicle search,51.51265,-0.101452,2020,10,3,8,20,26
667,Person search,51.516814,-0.08162,2020,10,4,5,51,24
668,Person and Vehicle search,51.516814,-0.08162,2020,10,4,6,12,31
670,Person search,51.514203,-0.094628,2020,10,7,4,20,50
673,Person and Vehicle search,51.516347,-0.104887,2020,10,8,9,6,1
674,Person search,51.517231,-0.079613,2020,10,8,10,25,13
678,Person search,51.506255,-0.074901,2020,10,9,2,22,41
679,Person search,51.511812,-0.089698,2020,10,9,7,40,52
681,Person and Vehicle search,51.509313,-0.07385,2020,10,10,0,6,7
682,Person and Vehicle search,51.506255,-0.074901,2020,10,10,1,15,33
683,Person search,51.506255,-0.074901,2020,10,10,5,2,34
684,Person search,51.506255,-0.074901,2020,10,10,5,47,43
685,Person search,51.514457,-0.073849,2020,10,13,3,51,4
686,Person search,51.512952,-0.096814,2020,10,13,5,3,38
687,Person search,51.512952,-0.096814,2020,10,13,5,4,28
688,Person search,51.513885,-0.102741,2020,10,13,6,2,57
689,Person search,51.516814,-0.08162,2020,10,13,9,17,35
690,Person and Vehicle search,51.515033,-0.07825,2020,10,14,7,56,2
691,Person search,51.523156,-0.09721,2020,10,15,2,1,32
692,Person and Vehicle search,51.523156,-0.09721,2020,10,15,2,12,33
695,Person search,51.518046,-0.077777,2020,10,16,1,56,23
696,Person search,51.516814,-0.08162,2020,10,16,8,39,37
697,Person and Vehicle search,51.516347,-0.104887,2020,10,16,8,58,57
698,Person and Vehicle search,51.518709,-0.101345,2020,10,19,0,23,35
699,Person and Vehicle search,51.506255,-0.074901,2020,10,19,0,36,26
702,Person search,51.516814,-0.08162,2020,10,21,9,10,45
706,Person and Vehicle search,51.509848,-0.104494,2020,10,22,4,55,31
708,Person and Vehicle search,51.509757,-0.083386,2020,10,22,10,53,15
709,Person search,51.516047,-0.075411,2020,10,23,3,15,14
710,Person and Vehicle search,51.516047,-0.075411,2020,10,23,3,21,6
714,Person and Vehicle search,51.51265,-0.101452,2020,10,26,6,0,13
716,Person search,51.517431,-0.082458,2020,10,26,12,13,11
718,Person search,51.518511,-0.08531,2020,10,30,2,47,30
719,Person search,51.518511,-0.08531,2020,10,30,3,3,53
721,Person search,51.517431,-0.082458,2020,10,30,8,38,26
722,Person search,51.517431,-0.082458,2020,10,30,10,17,31
723,Person search,51.518189,-0.082628,2020,10,30,10,36,55
724,Person search,51.518619,-0.088621,2020,10,30,10,40,20
726,Person and Vehicle search,51.510626,-0.039135,2020,10,30,12,15,36
727,Person search,51.518189,-0.082628,2020,10,31,9,18,38
729,Person search,51.50932,-0.084701,2020,11,3,4,14,48
730,Person and Vehicle search,51.513171,-0.077694,2020,11,3,10,1,12
732,Person search,51.51868,-0.085173,2020,11,5,2,6,35
734,Person and Vehicle search,51.516351,-0.082965,2020,11,5,5,51,13
735,Person and Vehicle search,51.517149,-0.08776,2020,11,5,10,17,59
736,Person and Vehicle search,51.510182,-0.092865,2020,11,6,4,34,22
738,Person and Vehicle search,51.51768,-0.078484,2020,11,6,10,7,14
739,Person search,51.51265,-0.101452,2020,11,6,10,36,27
741,Person and Vehicle search,51.510182,-0.092865,2020,11,6,12,36,44
745,Person search,51.510182,-0.092865,2020,11,9,3,46,21
749,Person search,51.517431,-0.082458,2020,11,11,8,28,31
750,Person and Vehicle search,51.51713,-0.107147,2020,11,12,4,12,11
751,Person search,51.525044,-0.094392,2020,11,12,4,46,36
753,Person search,51.518189,-0.082628,2020,11,13,7,19,32
754,Person and Vehicle search,51.51792,-0.092628,2020,11,13,8,7,31
755,Person search,51.51862,-0.094747,2020,11,14,7,39,35
758,Person and Vehicle search,51.51118,-0.073065,2020,11,17,10,56,5
759,Person and Vehicle search,51.509848,-0.104494,2020,11,18,5,11,51
760,Person and Vehicle search,51.516834,-0.076199,2020,11,18,7,19,46
761,Person search,51.508971,-0.078779,2020,11,18,8,24,25
764,Person search,51.510148,-0.077029,2020,11,20,8,12,26
765,Person search,51.512147,-0.092077,2020,11,20,9,21,56
766,Person search,51.51868,-0.085173,2020,11,20,11,0,18
767,Person search,51.5169,-0.084095,2020,11,22,12,3,53
768,Person search,51.520206,-0.097736,2020,11,22,12,38,41
769,Person search,51.511445,-0.07608,2020,11,23,1,59,19
770,Person search,51.512462,-0.076095,2020,11,23,5,1,47
771,Person and Vehicle search,51.525851,-0.055882,2020,11,23,5,52,36
773,Person and Vehicle search,51.509532,-0.088843,2020,11,24,4,40,3
774,Person search,51.509876,-0.086278,2020,11,25,2,29,15
775,Person and Vehicle search,51.546265,-0.071727,2020,11,25,4,49,22
776,Person and Vehicle search,51.528493,-0.091394,2020,11,25,11,16,40
777,Person search,51.512856,-0.073254,2020,11,26,4,5,13
778,Person and Vehicle search,51.512856,-0.073254,2020,11,26,4,25,22
780,Person and Vehicle search,51.513377,-0.096363,2020,11,26,10,20,42
781,Person search,51.513377,-0.096363,2020,11,26,11,43,25
782,Person search,51.516814,-0.08162,2020,11,27,5,11,12
783,Person search,51.513377,-0.096363,2020,11,27,12,45,20
784,Person and Vehicle search,51.506255,-0.074901,2020,11,28,2,30,2
785,Person and Vehicle search,51.506255,-0.074901,2020,11,28,2,36,40
786,Person and Vehicle search,51.516814,-0.08162,2020,11,28,6,51,6
787,Person search,51.517058,-0.083296,2020,11,28,9,38,16
788,Person search,51.517149,-0.08776,2020,11,28,11,51,43
789,Person search,51.506255,-0.074901,2020,11,28,12,45,24
790,Person search,51.508066,-0.08778,2020,11,29,3,43,2
792,Person search,51.514804,-0.080782,2020,11,30,4,22,25
793,Person search,51.509547,-0.076031,2020,11,30,4,28,2
794,Person and Vehicle search,51.516934,-0.073543,2020,11,30,5,34,43
795,Person search,51.516934,-0.073543,2020,11,30,5,37,23
796,Person search,51.516934,-0.073543,2020,11,30,5,40,10
797,Person search,51.516934,-0.073543,2020,11,30,5,42,30
798,Person search,51.511053,-0.075722,2020,11,30,8,37,21
799,Person search,51.534382,-0.057321,2020,12,2,1,6,59
800,Person search,51.517149,-0.08776,2020,12,2,6,10,18
801,Person search,51.52051,-0.08158,2020,12,2,8,55,23
802,Person search,51.510004,-0.07323,2020,12,3,10,8,42
803,Person search,51.515728,-0.078393,2020,12,5,2,15,48
805,Person and Vehicle search,51.513606,-0.083959,2020,12,5,7,36,44
806,Person and Vehicle search,51.522615,-0.077253,2020,12,5,7,58,50
807,Person and Vehicle search,51.522615,-0.077253,2020,12,5,9,48,21
809,Person and Vehicle search,51.522615,-0.077253,2020,12,6,5,56,23
810,Person and Vehicle search,51.51265,-0.101452,2020,12,7,7,35,20
811,Person search,51.514158,-0.100179,2020,12,7,8,35,2
812,Person search,51.514158,-0.100179,2020,12,7,9,4,1
813,Person and Vehicle search,51.506255,-0.074901,2020,12,8,12,55,29
814,Person and Vehicle search,51.506255,-0.074901,2020,12,9,2,45,0
815,Person and Vehicle search,51.50993,-0.068161,2020,12,9,5,37,54
816,Person and Vehicle search,51.507339,-0.108388,2020,12,9,7,58,59
817,Person search,51.513114,-0.086272,2020,12,9,8,4,27
819,Person search,51.517431,-0.082458,2020,12,10,12,9,50
821,Person and Vehicle search,51.509775,-0.085014,2020,12,11,12,5,41
822,Person search,51.513377,-0.096363,2020,12,12,2,42,13
823,Person search,51.517032,-0.089451,2020,12,12,11,10,20
825,Person and Vehicle search,51.515196,-0.071772,2020,12,14,4,20,6
826,Person search,51.512391,-0.093796,2020,12,15,4,1,28
827,Person search,51.52181,-0.097929,2020,12,16,2,47,32
828,Person search,51.517032,-0.089451,2020,12,16,9,58,9
829,Person search,51.50932,-0.084701,2020,12,18,6,50,37
831,Person search,51.511445,-0.07608,2020,12,19,7,27,50
833,Person and Vehicle search,51.521567,-0.097334,2020,12,22,8,8,22
835,Person search,51.514501,-0.089716,2020,12,27,9,4,2
836,Person search,51.511053,-0.075722,2020,12,27,12,48,23
837,Person search,51.513171,-0.077694,2020,12,30,11,36,8
838,Person search,51.509532,-0.088843,2020,12,31,2,26,2
839,Person and Vehicle search,51.513171,-0.077694,2020,12,31,12,16,22
840,Person search,51.509532,-0.088843,2020,12,31,12,24,26
841,Person and Vehicle search,51.513171,-0.077694,2020,12,31,12,49,17
842,Person and Vehicle search,51.51768,-0.078484,2021,1,1,1,41,28
843,Person search,51.510868,-0.0969,2021,1,1,6,54,55
844,Person and Vehicle search,51.513928,-0.108231,2021,1,1,12,15,28
845,Person search,51.514151,-0.074958,2021,1,3,3,30,33
847,Person search,51.51768,-0.078484,2021,1,9,4,55,15
849,Person search,51.51768,-0.078484,2021,1,9,12,11,28
850,Person search,51.51768,-0.078484,2021,1,10,1,19,9
851,Person search,51.511749,-0.108018,2021,1,10,3,39,44
852,Person search,51.516508,-0.079398,2021,1,10,11,8,49
853,Person and Vehicle search,51.517032,-0.089451,2021,1,11,7,40,51
854,Person and Vehicle search,51.517149,-0.08776,2021,1,11,8,22,2
857,Person and Vehicle search,51.510004,-0.07323,2021,1,16,7,41,25
858,Person search,51.516814,-0.08162,2021,1,17,2,20,15
860,Person and Vehicle search,51.516814,-0.08162,2021,1,17,8,48,18
864,Person and Vehicle search,51.527648,-0.118676,2021,1,26,6,21,2
866,Person search,51.509344,-0.080665,2021,1,27,8,30,39
867,Person search,51.509344,-0.080665,2021,1,27,8,42,50
868,Person and Vehicle search,51.510315,-0.053373,2021,1,28,6,8,53
869,Person search,51.510315,-0.053373,2021,1,28,6,19,14
872,Person search,51.516814,-0.08162,2021,1,30,1,41,20
874,Person search,51.510182,-0.092865,2021,2,2,7,48,41
875,Person and Vehicle search,51.51121,-0.094206,2021,2,2,8,35,26
876,Person search,51.510182,-0.092865,2021,2,4,5,47,43
879,Person search,51.518511,-0.08531,2021,2,5,4,21,6
880,Person search,51.509532,-0.088843,2021,2,5,9,23,48
882,Person search,51.520699,-0.097601,2021,2,8,11,3,14
884,Person search,51.510868,-0.0969,2021,2,17,6,20,17
886,Person search,51.506255,-0.074901,2021,2,18,5,6,12
887,Person and Vehicle search,51.516078,-0.08498,2021,2,18,8,9,30
888,Person and Vehicle search,51.516078,-0.08498,2021,2,18,8,22,33
889,Person search,51.516078,-0.08498,2021,2,18,8,57,36
890,Person search,51.516078,-0.08498,2021,2,18,9,33,1
891,Person and Vehicle search,51.516078,-0.08498,2021,2,18,9,39,3
892,Person and Vehicle search,51.510671,-0.084284,2021,2,18,12,42,59
893,Person and Vehicle search,51.517032,-0.089451,2021,2,19,8,30,47
894,Person and Vehicle search,51.517032,-0.089451,2021,2,19,10,25,7
895,Person search,51.516814,-0.08162,2021,2,21,5,27,3
896,Person search,51.51862,-0.094747,2021,2,22,6,49,36
897,Person search,51.51862,-0.094747,2021,2,22,6,52,50
898,Person search,51.517032,-0.089451,2021,2,23,3,46,54
899,Person search,51.516814,-0.08162,2021,2,23,5,36,1
900,Person and Vehicle search,51.510786,-0.068816,2021,2,23,10,28,59
902,Person search,51.509848,-0.104494,2021,2,26,2,24,53
903,Person search,51.522734,-0.102748,2021,2,26,3,4,9
904,Person and Vehicle search,51.509848,-0.104494,2021,2,26,8,22,33
905,Person search,51.506255,-0.074901,2021,2,27,6,15,8
906,Person and Vehicle search,51.508066,-0.08778,2021,2,27,7,7,12
907,Person search,51.525655,-0.090517,2021,2,28,2,15,9
908,Person search,51.511224,-0.074115,2021,2,28,3,42,52
911,Person search,51.525655,-0.090517,2021,3,1,3,11,45
913,Person search,51.512882,-0.084768,2021,3,2,2,57,35
914,Person and Vehicle search,51.513627,-0.076435,2021,3,2,9,3,39
916,Person search,51.512462,-0.076095,2021,3,4,6,58,4
917,Person search,51.512462,-0.076095,2021,3,4,7,6,42
918,Person and Vehicle search,51.513051,-0.104001,2021,3,4,7,59,31
919,Person search,51.512462,-0.076095,2021,3,4,8,49,11
920,Person search,51.517938,-0.098148,2021,3,4,12,25,15
921,Person and Vehicle search,51.514409,-0.079674,2021,3,5,4,28,46
923,Person search,51.517032,-0.089451,2021,3,5,9,48,31
924,Person and Vehicle search,51.514457,-0.073849,2021,3,6,2,12,33
925,Person search,51.516814,-0.08162,2021,3,6,12,16,20
926,Person and Vehicle search,51.517032,-0.089451,2021,3,8,4,46,37
927,Person search,51.517032,-0.089451,2021,3,8,7,13,26
928,Person search,51.507808,-0.07913,2021,3,8,10,12,26
929,Person search,51.507808,-0.07913,2021,3,8,10,19,25
930,Person search,51.507808,-0.07913,2021,3,8,10,31,14
933,Person and Vehicle search,51.510014,-0.081516,2021,3,10,7,49,49
934,Person and Vehicle search,51.510014,-0.081516,2021,3,10,7,59,45
935,Person and Vehicle search,51.515037,-0.102794,2021,3,10,12,15,40
938,Person search,51.510671,-0.084284,2021,3,12,4,55,32
940,Person search,51.513885,-0.102741,2021,3,12,12,35,6
941,Person search,51.511053,-0.075722,2021,3,13,2,8,25
943,Person and Vehicle search,51.51992,-0.056696,2021,3,13,12,22,21
944,Person search,51.518262,-0.088203,2021,3,15,12,37,18
945,Person search,51.516966,-0.1059,2021,3,16,8,26,28
946,Person search,51.516191,-0.086416,2021,3,17,5,14,6
947,Person and Vehicle search,51.508066,-0.08778,2021,3,18,2,53,22
948,Person and Vehicle search,51.5151,-0.085669,2021,3,18,11,23,19
949,Person and Vehicle search,51.52181,-0.097929,2021,3,19,2,7,20
951,Person search,51.510182,-0.092865,2021,3,20,1,41,38
952,Person search,51.510182,-0.092865,2021,3,20,2,18,21
953,Person search,51.506255,-0.074901,2021,3,21,2,37,22
954,Person search,51.506255,-0.074901,2021,3,21,2,45,56
956,Person search,51.509876,-0.086278,2021,3,21,6,42,48
957,Person search,51.518262,-0.088203,2021,3,22,1,48,50
958,Person and Vehicle search,51.506255,-0.074901,2021,3,22,2,12,38
959,Person search,51.512791,-0.101274,2021,3,22,8,47,1
960,Person search,51.512791,-0.101274,2021,3,22,8,54,51
961,Person and Vehicle search,51.509848,-0.104494,2021,3,23,5,54,40
962,Person search,51.517032,-0.089451,2021,3,24,6,22,20
963,Person search,51.517032,-0.089451,2021,3,24,7,17,23
964,Person and Vehicle search,51.515606,-0.094094,2021,3,24,7,59,20
965,Person search,51.505458,-0.114389,2021,3,24,8,16,14
969,Person search,51.511828,-0.080244,2021,3,26,5,16,18
970,Person and Vehicle search,51.516814,-0.08162,2021,3,26,8,6,20
971,Person and Vehicle search,51.515739,-0.100632,2021,3,27,2,16,18
972,Person search,51.50932,-0.084701,2021,3,27,5,26,51
973,Person search,51.513569,-0.086051,2021,3,27,9,3,55
974,Person and Vehicle search,51.511053,-0.075722,2021,3,28,1,51,36
975,Person and Vehicle search,51.525655,-0.090517,2021,3,28,1,53,0
976,Person search,51.506255,-0.074901,2021,3,28,2,55,13
977,Person search,51.51768,-0.078484,2021,3,28,7,22,28
978,Person search,51.514933,-0.074896,2021,3,28,7,43,17
979,Person and Vehicle search,51.506255,-0.074901,2021,3,29,2,14,59
984,Person and Vehicle search,51.509614,-0.079011,2021,3,30,5,57,21
986,Person search,51.514921,-0.103419,2021,3,30,9,58,16
987,Person search,51.516165,-0.102502,2021,3,30,11,35,31
989,Person search,51.50932,-0.084701,2021,3,31,6,38,36
990,Person search,51.516351,-0.082965,2021,3,31,7,11,29
991,Person search,51.513377,-0.096363,2021,3,31,11,13,59
992,Person search,51.510148,-0.077029,2021,3,31,11,42,28
997,Person search,51.518226,-0.111497,2021,4,6,3,16,34
998,Person and Vehicle search,51.517032,-0.089451,2021,4,6,8,42,10
1000,Person search,51.513377,-0.096363,2021,4,7,2,2,11
1001,Person and Vehicle search,51.516078,-0.08498,2021,4,7,6,29,46
1002,Person search,51.50932,-0.084701,2021,4,7,8,47,40
1004,Person and Vehicle search,51.506255,-0.074901,2021,4,8,0,39,8
1005,Person and Vehicle search,51.506255,-0.074901,2021,4,8,0,45,2
1006,Person search,51.506255,-0.074901,2021,4,8,1,9,37
1007,Person and Vehicle search,51.506255,-0.074901,2021,4,8,3,3,43
1008,Person and Vehicle search,51.506255,-0.074901,2021,4,8,3,16,30
1009,Person and Vehicle search,51.516078,-0.08498,2021,4,8,4,2,47
1011,Person search,51.516047,-0.075411,2021,4,9,0,2,47
1012,Person search,51.51768,-0.078484,2021,4,9,1,4,44
1014,Person and Vehicle search,51.518864,-0.097562,2021,4,9,9,53,56
1015,Person search,51.513171,-0.077694,2021,4,11,8,9,57
1016,Person search,51.507808,-0.07913,2021,4,12,0,21,7
1017,Person search,51.512462,-0.076095,2021,4,13,0,35,6
1018,Person search,51.516922,-0.092093,2021,4,13,2,1,25
1019,Person search,51.512856,-0.073254,2021,4,13,9,13,35
1020,Person and Vehicle search,51.523977,-0.075841,2021,4,13,10,16,42
1021,Person and Vehicle search,51.516814,-0.08162,2021,4,13,11,31,55
1022,Person and Vehicle search,51.516814,-0.08162,2021,4,13,11,48,3
1023,Person and Vehicle search,51.515546,-0.070056,2021,4,14,1,1,29
1024,Person and Vehicle search,51.511625,-0.081549,2021,4,14,7,15,9
1025,Person search,51.517032,-0.092723,2021,4,15,2,44,9
1026,Person and Vehicle search,51.504245,-0.07624,2021,4,15,7,12,6
1027,Person and Vehicle search,51.513952,-0.085833,2021,4,16,3,42,38
1030,Person and Vehicle search,51.503468,-0.095292,2021,4,17,8,17,1
1031,Person and Vehicle search,51.518864,-0.097562,2021,4,17,11,23,4
1033,Person and Vehicle search,51.516814,-0.08162,2021,4,17,11,54,21
1034,Person search,51.511053,-0.075722,2021,4,18,1,35,6
1035,Person and Vehicle search,51.523637,-0.076532,2021,4,18,3,10,31
1036,Person search,51.512206,-0.073152,2021,4,18,11,54,7
1037,Person search,51.512856,-0.073254,2021,4,20,5,19,36
1038,Person search,51.51265,-0.101452,2021,4,20,5,35,4
1039,Person and Vehicle search,51.51265,-0.101452,2021,4,20,7,4,22
1040,Person search,51.503468,-0.095292,2021,4,20,7,26,44
1041,Person and Vehicle search,51.514203,-0.094628,2021,4,21,4,20,8
1042,Person and Vehicle search,51.511749,-0.108018,2021,4,21,8,10,56
1043,Person search,51.514151,-0.074958,2021,4,22,4,1,33
1044,Person search,51.510795,-0.077578,2021,4,22,4,11,32
1045,Person search,51.510795,-0.077578,2021,4,22,4,24,18
1046,Person search,51.50995,-0.078665,2021,4,22,4,42,59
1047,Person search,51.514151,-0.074958,2021,4,22,8,30,11
1048,Person and Vehicle search,51.519635,-0.097962,2021,4,23,0,10,59
1050,Person and Vehicle search,51.518098,-0.116966,2021,4,24,4,12,55
1051,Person and Vehicle search,51.518098,-0.116966,2021,4,24,4,21,35
1052,Person and Vehicle search,51.514203,-0.094628,2021,4,25,4,21,57
1053,Person and Vehicle search,51.514203,-0.094628,2021,4,25,4,32,0
1054,Person search,51.508066,-0.08778,2021,4,27,3,54,10
1055,Person search,51.508066,-0.08778,2021,4,27,3,57,4
1056,Person search,51.508066,-0.08778,2021,4,27,4,5,44
1057,Person search,51.508066,-0.08778,2021,4,27,4,9,39
1058,Person search,51.508066,-0.08778,2021,4,27,4,12,5
1059,Person search,51.514203,-0.094628,2021,4,27,5,10,21
1060,Person and Vehicle search,51.509757,-0.083386,2021,4,28,8,42,53
1061,Person and Vehicle search,51.537541,-0.061815,2021,4,30,2,21,5
1062,Person search,51.517032,-0.089451,2021,4,30,9,8,18
1063,Person search,51.514158,-0.100179,2021,5,1,4,52,18
1064,Person search,51.512462,-0.076095,2021,5,1,6,6,39
1066,Person search,51.510961,-0.10269,2021,5,5,5,55,28
1068,Person and Vehicle search,51.509757,-0.083386,2021,5,6,0,35,35
1069,Person search,51.511053,-0.075722,2021,5,6,0,51,10
1070,Person and Vehicle search,51.51265,-0.101452,2021,5,9,0,48,9
1071,Person search,51.51265,-0.101452,2021,5,9,0,55,10
1075,Person search,51.519946,-0.108356,2021,5,11,6,30,46
1078,Person and Vehicle search,51.518864,-0.097562,2021,5,13,4,16,39
1079,Person search,51.517149,-0.08776,2021,5,14,2,28,45
1080,Person search,51.516814,-0.08162,2021,5,14,3,8,7
1081,Person and Vehicle search,51.509848,-0.104494,2021,5,14,6,52,55
1082,Person search,51.508066,-0.08778,2021,5,14,9,14,2
1083,Person and Vehicle search,51.512856,-0.073254,2021,5,15,1,14,43
1084,Person and Vehicle search,51.51539,-0.070437,2021,5,16,1,39,0
1085,Person search,51.507808,-0.07913,2021,5,16,2,39,23
1086,Person search,51.514457,-0.073849,2021,5,16,7,19,40
1087,Person search,51.514457,-0.073849,2021,5,16,7,20,0
1088,Person search,51.516814,-0.08162,2021,5,16,8,13,15
1089,Person search,51.516814,-0.08162,2021,5,16,8,33,0
1090,Person and Vehicle search,51.522862,-0.115198,2021,5,17,1,32,0
1092,Person search,51.509532,-0.088843,2021,5,17,7,7,11
1093,Person and Vehicle search,51.503196,-0.127032,2021,5,18,4,27,40
1094,Person search,51.514276,-0.087549,2021,5,18,4,29,35
1095,Person search,51.506255,-0.074901,2021,5,18,5,14,45
1096,Person search,51.508066,-0.08778,2021,5,18,5,57,27
1097,Person and Vehicle search,51.506255,-0.074901,2021,5,18,6,2,40
1100,Person search,51.514276,-0.087549,2021,5,18,11,25,10
1102,Person and Vehicle search,51.525993,-0.073233,2021,5,20,7,37,20
1104,Person search,51.514367,-0.076592,2021,5,20,10,36,7
1107,Person search,51.519812,-0.093933,2021,5,22,8,26,46
1108,Person search,51.513061,-0.076459,2021,5,22,11,1,43
1109,Person search,51.518262,-0.097053,2021,5,23,2,37,42
1112,Person search,51.512462,-0.076095,2021,5,24,11,32,33
1113,Person search,51.512462,-0.076095,2021,5,24,11,37,30
1117,Person search,51.519812,-0.093933,2021,5,26,10,38,16
1118,Person and Vehicle search,51.511053,-0.075722,2021,5,27,3,11,46
1119,Person search,51.514457,-0.073849,2021,5,27,9,52,46
1120,Person search,51.515196,-0.071772,2021,5,28,1,58,4
1121,Person search,51.516351,-0.082965,2021,5,28,9,1,8
1122,Person search,51.513524,-0.090506,2021,5,31,2,18,33
1123,Person search,51.511386,-0.092296,2021,6,3,4,17,37
1124,Person search,51.517231,-0.079613,2021,6,3,6,21,20
1125,Person search,51.516814,-0.08162,2021,6,3,6,21,20
1126,Person and Vehicle search,51.516233,-0.077392,2021,6,3,10,13,16
1127,Person and Vehicle search,51.512462,-0.076095,2021,6,3,10,18,12
1129,Person and Vehicle search,51.513377,-0.096363,2021,6,4,9,26,1
1130,Person and Vehicle search,51.516233,-0.077392,2021,6,4,11,31,57
1132,Person search,51.514513,-0.096561,2021,6,5,1,19,54
1133,Person search,51.507808,-0.07913,2021,6,5,5,35,37
1134,Person search,51.509414,-0.093791,2021,6,5,9,6,57
1135,Person search,51.509547,-0.076031,2021,6,6,0,57,26
1136,Person and Vehicle search,51.516347,-0.104887,2021,6,6,6,51,33
1137,Person search,51.51768,-0.078484,2021,6,6,8,42,41
1142,Person search,51.516351,-0.082965,2021,6,9,0,12,21
1143,Person search,51.515504,-0.07627,2021,6,10,1,1,6
1144,Person search,51.515504,-0.07627,2021,6,10,1,17,21
1146,Person search,51.509547,-0.076031,2021,6,11,3,30,59
1147,Person search,51.50932,-0.084701,2021,6,13,5,3,56
1150,Person search,51.514409,-0.079674,2021,6,15,6,6,38
1151,Person search,51.512598,-0.084967,2021,6,16,4,19,36
1152,Person and Vehicle search,51.509848,-0.104494,2021,6,17,0,58,18
1153,Person search,51.509848,-0.104494,2021,6,17,4,22,8
1154,Person search,51.515142,-0.097645,2021,6,17,6,46,42
1155,Person and Vehicle search,51.509848,-0.104494,2021,6,17,11,33,21
1156,Person search,51.517042,-0.102812,2021,6,18,11,35,59
1157,Person search,51.510795,-0.077578,2021,6,19,5,23,0
1158,Person search,51.513915,-0.07318,2021,6,19,9,29,27
1159,Person search,51.513915,-0.07318,2021,6,19,9,38,21
1161,Person search,51.510414,-0.073515,2021,6,22,4,53,36
1163,Person search,51.516814,-0.08162,2021,6,23,5,53,54
1164,Person search,51.514203,-0.094628,2021,6,23,9,57,5
1166,Person and Vehicle search,51.511794,-0.088042,2021,6,24,3,36,57
1167,Person and Vehicle search,51.537964,-0.056981,2021,6,24,7,34,17
1168,Person search,51.510795,-0.077578,2021,6,25,0,51,43
1169,Person search,51.506255,-0.074901,2021,6,25,1,34,27
1171,Person search,51.517032,-0.089451,2021,6,25,9,12,11
1172,Person and Vehicle search,51.516814,-0.08162,2021,6,25,9,51,13
1173,Person search,51.516814,-0.08162,2021,6,26,1,16,38
1174,Person search,51.510182,-0.092865,2021,6,26,2,49,56
1175,Person and Vehicle search,51.517032,-0.089451,2021,6,26,5,2,18
1176,Person search,51.516814,-0.08162,2021,6,26,5,18,23
1183,Person search,51.512856,-0.073254,2021,7,2,1,30,13
1185,Person search,51.518743,-0.089596,2021,7,3,10,19,36
1186,Person search,51.513435,-0.075146,2021,7,4,1,1,45
1187,Person search,51.513435,-0.075146,2021,7,4,1,8,4
1189,Person search,51.513051,-0.104001,2021,7,4,6,0,27
1190,Person and Vehicle search,51.511749,-0.108018,2021,7,5,3,10,53
1191,Person search,51.516386,-0.108965,2021,7,5,8,15,13
1193,Person search,51.509344,-0.080665,2021,7,6,8,34,43
1194,Person search,51.514203,-0.094628,2021,7,6,9,0,6
1195,Person search,51.514763,-0.075508,2021,7,6,11,15,34
1197,Person search,51.516508,-0.079398,2021,7,8,3,59,34
1198,Person and Vehicle search,51.51972,-0.099933,2021,7,8,8,57,5
1199,Person search,51.509344,-0.080665,2021,7,9,5,11,11
1200,Person search,51.512462,-0.076095,2021,7,9,5,36,15
1202,Person search,51.514933,-0.074896,2021,7,11,3,36,49
1203,Person search,51.51768,-0.078484,2021,7,11,3,50,21
1205,Person and Vehicle search,51.511625,-0.081549,2021,7,12,0,24,6
1206,Person search,51.513769,-0.076833,2021,7,13,0,31,26
1208,Person and Vehicle search,51.511625,-0.081549,2021,7,13,4,3,19
1210,Person and Vehicle search,51.514418,-0.091823,2021,7,14,5,50,57
1211,Person search,51.508066,-0.08778,2021,7,15,2,33,49
1215,Person and Vehicle search,51.516814,-0.08162,2021,7,17,9,50,29
1216,Person search,51.514203,-0.094628,2021,7,18,2,49,34
1217,Person search,51.514933,-0.074896,2021,7,19,4,56,12
1218,Person search,51.514933,-0.074896,2021,7,19,5,7,21
1222,Person and Vehicle search,51.518709,-0.101345,2021,7,21,8,44,9
1225,Person search,51.517149,-0.08776,2021,7,22,10,41,28
1226,Person and Vehicle search,51.50995,-0.078665,2021,7,24,3,7,14
1227,Person search,51.513171,-0.077694,2021,7,24,3,28,30
1228,Person search,51.509313,-0.07385,2021,7,25,0,16,32
1230,Person and Vehicle search,51.513389,-0.080034,2021,7,27,5,24,9
1233,Person search,51.516855,-0.080234,2021,7,30,5,43,10
1237,Person search,51.51768,-0.078484,2021,8,1,4,27,32
1238,Person and Vehicle search,51.517196,-0.085149,2021,8,2,1,24,16
1240,Person search,51.513799,-0.071038,2021,8,3,2,45,59
1242,Person search,51.516814,-0.08162,2021,8,4,5,26,53
1244,Person search,51.520699,-0.097601,2021,8,5,2,51,14
1245,Person search,51.508066,-0.08778,2021,8,5,3,14,42
1248,Person and Vehicle search,51.514203,-0.094628,2021,8,6,4,4,41
1249,Person and Vehicle search,51.514203,-0.094628,2021,8,6,4,6,53
1250,Person and Vehicle search,51.514203,-0.094628,2021,8,6,4,7,23
1252,Person search,51.515504,-0.07627,2021,8,7,6,6,14
1253,Person search,51.514203,-0.094628,2021,8,10,4,26,36
1254,Person search,51.5169,-0.084095,2021,8,10,5,20,26
1258,Person and Vehicle search,51.514367,-0.076592,2021,8,12,6,7,36
1260,Person and Vehicle search,51.509848,-0.104494,2021,8,13,1,31,58
1261,Person and Vehicle search,51.509848,-0.104494,2021,8,13,7,33,30
1262,Person search,51.511749,-0.108018,2021,8,13,11,16,27
1263,Person search,51.515546,-0.070056,2021,8,13,11,32,8
1265,Person search,51.518017,-0.075991,2021,8,14,8,54,56
1266,Person and Vehicle search,51.512598,-0.084967,2021,8,14,9,44,39
1267,Person and Vehicle search,51.509313,-0.07385,2021,8,15,4,50,13
1268,Person search,51.516207,-0.101794,2021,8,15,5,50,55
1269,Person search,51.517196,-0.085149,2021,8,15,7,7,37
1272,Person and Vehicle search,51.51265,-0.101452,2021,8,16,3,57,55
1273,Person search,51.51265,-0.101452,2021,8,16,5,24,48
1276,Person search,51.51868,-0.085173,2021,8,19,9,25,1
1277,Person and Vehicle search,51.520059,-0.084251,2021,8,20,4,25,20
1278,Person and Vehicle search,51.522233,-0.107382,2021,8,20,6,52,5
1279,Person search,51.516351,-0.082965,2021,8,21,0,48,32
1280,Person search,51.512147,-0.092077,2021,8,22,10,7,58
1282,Person search,51.516386,-0.108965,2021,8,23,5,55,32
1284,Person and Vehicle search,51.510148,-0.077029,2021,8,24,4,26,7
1286,Person search,51.51494,-0.079162,2021,8,25,3,35,14
1288,Person search,51.510494,-0.084983,2021,8,25,5,41,18
1290,Person search,51.516814,-0.08162,2021,8,26,2,9,57
1291,Person and Vehicle search,51.505396,-0.088901,2021,8,26,4,42,26
1292,Person search,51.513914,-0.11071,2021,8,27,2,40,55
1298,Person and Vehicle search,51.518226,-0.111497,2021,8,29,1,29,48
1301,Person and Vehicle search,51.508066,-0.08778,2021,8,30,0,50,8
1305,Person and Vehicle search,51.514151,-0.074958,2021,9,1,1,42,47
1307,Person search,51.514151,-0.074958,2021,9,1,11,49,39
1309,Person search,51.517032,-0.089451,2021,9,2,2,11,44
1310,Person and Vehicle search,51.514457,-0.073849,2021,9,2,2,39,26
1312,Person search,51.512598,-0.084967,2021,9,2,7,34,16
1313,Person search,51.508066,-0.08778,2021,9,3,4,12,12
1314,Person search,51.508066,-0.08778,2021,9,3,4,21,9
1315,Person search,51.513171,-0.077694,2021,9,3,11,15,53
1316,Person search,51.516814,-0.08162,2021,9,4,4,24,37
1317,Person search,51.513447,-0.093493,2021,9,8,4,4,1
1318,Person search,51.515504,-0.07627,2021,9,8,8,25,30
1320,Person search,51.514203,-0.094628,2021,9,9,5,21,18
1322,Person search,51.518091,-0.078308,2021,9,9,9,37,25
1323,Person search,51.518091,-0.078308,2021,9,9,10,43,43
1325,Person search,51.515504,-0.07627,2021,9,10,5,7,8
1326,Person search,51.517244,-0.080376,2021,9,10,6,55,7
1327,Person search,51.518362,-0.077245,2021,9,10,10,37,51
1329,Person and Vehicle search,51.52181,-0.097929,2021,9,11,10,58,22
1330,Person search,51.51265,-0.101452,2021,9,12,0,13,22
1331,Person and Vehicle search,51.506837,-0.111824,2021,9,12,2,24,22
1332,Person search,51.510868,-0.0969,2021,9,12,2,58,52
1333,Person search,51.512829,-0.094758,2021,9,12,5,16,44
1335,Person search,51.516814,-0.08162,2021,9,12,11,0,41
1338,Person and Vehicle search,51.516351,-0.082965,2021,9,15,5,32,20
1341,Person and Vehicle search,51.509848,-0.104494,2021,9,17,9,53,40
1344,Person search,51.513769,-0.076833,2021,9,20,6,8,6
1345,Person search,51.516814,-0.08162,2021,9,21,5,50,39
1346,Person search,51.516814,-0.08162,2021,9,21,5,52,50
1347,Person search,51.513114,-0.086272,2021,9,21,6,16,54
1350,Person search,51.518189,-0.082628,2021,9,23,8,23,31
1353,Person and Vehicle search,51.517032,-0.089451,2021,9,24,6,5,53
1354,Person and Vehicle search,51.518494,-0.111962,2021,9,25,4,39,56
1355,Person and Vehicle search,51.511224,-0.074115,2021,9,25,5,2,4
1356,Person search,51.509848,-0.104494,2021,9,28,5,13,6
1358,Person search,51.514501,-0.089716,2021,9,29,2,18,18
1360,Person search,51.51445,-0.100974,2021,9,29,5,14,24
1361,Person search,51.514158,-0.100179,2021,9,29,5,42,54
1362,Person and Vehicle search,51.509757,-0.083386,2021,9,30,3,47,30
1363,Person search,51.509757,-0.083386,2021,9,30,7,2,51
1365,Person search,51.517032,-0.089451,2021,10,1,6,41,34
1366,Person search,51.517032,-0.089451,2021,10,1,6,41,34
1368,Person search,51.517032,-0.089451,2021,10,1,9,7,7
1369,Person search,51.516814,-0.08162,2021,10,3,2,12,38
1370,Person search,51.518433,-0.078856,2021,10,3,4,57,57
1371,Person search,51.516814,-0.08162,2021,10,4,3,46,10
1373,Person search,51.50932,-0.084701,2021,10,6,8,34,41
1374,Person and Vehicle search,51.516386,-0.108965,2021,10,7,1,17,56
1376,Person search,51.513389,-0.080034,2021,10,7,5,28,57
1378,Person search,51.509344,-0.080665,2021,10,7,8,37,37
1380,Person and Vehicle search,51.520699,-0.097601,2021,10,8,11,22,45
1383,Person and Vehicle search,51.506255,-0.074901,2021,10,12,0,27,16
1385,Person search,51.522233,-0.107382,2021,10,13,6,18,19
1387,Person search,51.513171,-0.077694,2021,10,13,10,34,34
1388,Person and Vehicle search,51.515606,-0.094094,2021,10,13,10,40,17
1389,Person and Vehicle search,51.514501,-0.089716,2021,10,13,11,9,48
1390,Person and Vehicle search,51.520678,-0.080318,2021,10,15,1,19,44
1398,Person and Vehicle search,51.511923,-0.086624,2021,10,21,10,42,17
1400,Person and Vehicle search,51.513333,-0.088727,2021,10,23,5,23,13
1401,Person and Vehicle search,51.509757,-0.083386,2021,10,24,1,16,19
1402,Person and Vehicle search,51.516347,-0.104887,2021,10,25,5,20,0
1406,Person and Vehicle search,51.510671,-0.084284,2021,10,27,3,8,39
1407,Person search,51.510671,-0.084284,2021,10,27,4,49,56
1408,Person search,51.517534,-0.09596,2021,10,28,3,14,27
1409,Person search,51.51494,-0.079162,2021,10,28,4,6,28
1410,Person search,51.514157,-0.091258,2021,10,29,4,57,21
1412,Person and Vehicle search,51.510873,-0.105561,2021,10,31,5,8,50
1413,Person search,51.511749,-0.108018,2021,10,31,7,22,22
1414,Person and Vehicle search,51.509757,-0.083386,2021,11,1,6,29,10
1415,Person and Vehicle search,51.50932,-0.084701,2021,11,1,7,39,48
1417,Person search,51.513171,-0.077694,2021,11,1,11,18,51
1420,Person search,51.521038,-0.078718,2021,11,3,4,11,27
1423,Person and Vehicle search,51.521038,-0.078718,2021,11,3,6,50,48
1424,Person search,51.516233,-0.077392,2021,11,3,7,28,48
1428,Person and Vehicle search,51.513389,-0.080034,2021,11,4,5,20,52
1429,Person and Vehicle search,51.513389,-0.080034,2021,11,4,6,38,53
1430,Person and Vehicle search,51.522233,-0.107382,2021,11,5,1,57,51
1432,Person and Vehicle search,51.514151,-0.074958,2021,11,5,9,47,46
1433,Person search,51.512598,-0.084967,2021,11,6,7,10,33
1434,Person search,51.516814,-0.08162,2021,11,8,6,25,29
1436,Person and Vehicle search,51.509547,-0.076031,2021,11,10,6,7,16
1437,Person and Vehicle search,51.518262,-0.088203,2021,11,10,10,19,26
1442,Person and Vehicle search,51.516814,-0.08162,2021,11,12,5,7,46
1443,Person search,51.50932,-0.084701,2021,11,12,5,42,16
1444,Person search,51.513865,-0.092625,2021,11,12,5,56,0
1446,Person search,51.517032,-0.089451,2021,11,12,12,36,58
1447,Person and Vehicle search,51.51532,-0.069431,2021,11,13,9,24,2
1450,Person search,51.512856,-0.073254,2021,11,18,10,10,37
1452,Person search,51.519807,-0.09144,2021,11,19,3,25,34
1456,Person and Vehicle search,51.512598,-0.084967,2021,11,20,10,47,43
1457,Person search,51.517534,-0.09596,2021,11,21,3,41,39
1458,Person and Vehicle search,51.518864,-0.097562,2021,11,22,1,31,19
1462,Person search,51.50993,-0.068161,2021,11,22,2,46,47
1466,Person search,51.516814,-0.08162,2021,11,26,6,32,54
1468,Person search,51.516814,-0.08162,2021,11,27,1,25,50
1469,Person search,51.516814,-0.08162,2021,11,27,6,11,24
1470,Person search,51.51768,-0.078484,2021,11,27,10,54,20
1471,Person search,51.516814,-0.08162,2021,11,28,6,32,37
1472,Person search,51.511794,-0.088042,2021,11,28,12,48,49
1473,Person search,51.518511,-0.08531,2021,11,29,3,31,6
1474,Person and Vehicle search,51.514151,-0.074958,2021,11,29,5,10,28
1475,Person search,51.516814,-0.08162,2021,11,30,1,36,42
1476,Person search,51.506255,-0.074901,2021,12,1,3,10,12
1478,Person and Vehicle search,51.517431,-0.082458,2021,12,1,11,36,49
1479,Person search,51.513114,-0.086272,2021,12,2,1,56,1
1480,Person search,51.514151,-0.074958,2021,12,2,5,10,2
1481,Person search,51.515728,-0.078393,2021,12,2,6,25,26
1482,Person search,51.52051,-0.08158,2021,12,2,7,46,43
1483,Person and Vehicle search,51.525445,-0.087528,2021,12,2,8,51,0
1485,Person search,51.512598,-0.084967,2021,12,3,10,40,17
1486,Person search,51.511749,-0.108018,2021,12,4,3,6,12
1487,Person search,51.516386,-0.108965,2021,12,4,4,58,12
1488,Person search,51.517032,-0.089451,2021,12,5,10,1,31
1490,Person and Vehicle search,51.511495,-0.089582,2021,12,7,3,12,57
1491,Person and Vehicle search,51.511118,-0.090203,2021,12,7,3,31,45
1493,Person search,51.513435,-0.075146,2021,12,9,7,52,9
1494,Person and Vehicle search,51.51322,-0.095015,2021,12,9,9,25,59
1496,Person and Vehicle search,51.51265,-0.101452,2021,12,10,2,6,58
1500,Person and Vehicle search,51.509313,-0.07385,2021,12,11,5,9,56
1501,Person and Vehicle search,51.51265,-0.101452,2021,12,12,4,23,40
1504,Person search,51.515033,-0.07825,2021,12,13,4,33,11
1506,Person and Vehicle search,51.51265,-0.101452,2021,12,14,8,9,53
1507,Person and Vehicle search,51.513171,-0.077694,2021,12,14,8,33,49
1508,Person and Vehicle search,51.509848,-0.104494,2021,12,16,2,10,39
1509,Person and Vehicle search,51.509848,-0.104494,2021,12,16,2,24,57
1510,Person and Vehicle search,51.513129,-0.094933,2021,12,16,2,49,2
1511,Person search,51.513129,-0.094933,2021,12,16,5,36,43
1512,Person search,51.513129,-0.094933,2021,12,16,5,42,40
1515,Person and Vehicle search,51.516233,-0.077392,2021,12,16,10,53,7
1518,Person search,51.509848,-0.104494,2021,12,22,1,46,5
1521,Person and Vehicle search,51.513114,-0.086272,2021,12,23,6,0,30
1522,Person and Vehicle search,51.509848,-0.104494,2021,12,24,5,25,32
1524,Person and Vehicle search,51.508066,-0.08778,2021,12,27,8,46,38
1526,Person and Vehicle search,51.512856,-0.073254,2021,12,29,12,57,23
1529,Person search,51.513447,-0.093493,2021,12,31,3,52,17
1531,Person and Vehicle search,51.51265,-0.101452,2022,1,2,4,30,40
1532,Person and Vehicle search,51.517032,-0.089451,2022,1,2,4,36,52
1533,Person search,51.506255,-0.074901,2022,1,4,2,21,57
1534,Person and Vehicle search,51.51104,-0.113726,2022,1,5,2,52,1
1536,Person and Vehicle search,51.506255,-0.074901,2022,1,5,8,3,44
1538,Person search,51.516814,-0.08162,2022,1,6,8,44,44
1539,Person search,51.513389,-0.080034,2022,1,7,4,24,14
1540,Person search,51.525568,-0.032468,2022,1,10,5,5,22
1542,Person and Vehicle search,51.509848,-0.104494,2022,1,11,7,34,11
1546,Person and Vehicle search,51.509848,-0.104494,2022,1,14,4,44,13
1549,Person and Vehicle search,51.509757,-0.083386,2022,1,14,11,42,19
1550,Person and Vehicle search,51.509993,-0.083506,2022,1,15,2,31,15
1551,Person and Vehicle search,51.509993,-0.083506,2022,1,15,2,41,32
1552,Person and Vehicle search,51.520624,-0.10964,2022,1,15,6,50,51
1553,Person search,51.509993,-0.083506,2022,1,15,12,48,25
1554,Person and Vehicle search,51.520624,-0.10964,2022,1,16,7,30,27
1555,Person search,51.511923,-0.086624,2022,1,17,3,21,20
1561,Person and Vehicle search,51.513171,-0.077694,2022,1,21,2,8,55
1563,Person and Vehicle search,51.509414,-0.093791,2022,1,22,1,47,59
1565,Person search,51.511224,-0.074115,2022,1,23,6,55,9
1566,Person search,51.510182,-0.092865,2022,1,23,10,32,13
1567,Person search,51.516814,-0.08162,2022,1,24,2,34,21
1569,Person and Vehicle search,51.512462,-0.076095,2022,1,25,5,9,51
1570,Person search,51.517576,-0.079786,2022,1,26,3,21,19
1571,Person search,51.517032,-0.089451,2022,1,26,3,21,19
1572,Person search,51.517032,-0.089451,2022,1,26,3,22,50
1573,Person search,51.518091,-0.078308,2022,1,26,8,59,32
1577,Person search,51.513051,-0.104001,2022,1,27,8,53,10
1578,Person search,51.517149,-0.08776,2022,1,27,12,6,15
1579,Person and Vehicle search,51.512856,-0.073254,2022,1,27,12,8,54
1580,Person search,51.509848,-0.104494,2022,1,28,1,53,13
1581,Person search,51.514203,-0.094628,2022,1,28,10,16,44
1582,Person search,51.516814,-0.08162,2022,1,28,11,52,49
1587,Person search,51.511711,-0.07421,2022,1,31,2,24,42
1589,Person and Vehicle search,51.51265,-0.101452,2022,2,1,7,47,53
1591,Person and Vehicle search,51.517576,-0.079786,2022,2,2,2,41,24
1592,Person and Vehicle search,51.516351,-0.082965,2022,2,2,4,51,21
1593,Person search,51.514547,-0.112039,2022,2,2,8,0,25
1594,Person and Vehicle search,51.509848,-0.104494,2022,2,2,8,14,33
1595,Person search,51.512882,-0.084768,2022,2,4,6,58,54
1598,Person search,51.512888,-0.094482,2022,2,5,6,17,26
1599,Person search,51.512888,-0.094482,2022,2,5,6,26,36
1600,Person and Vehicle search,51.512147,-0.092077,2022,2,5,9,21,10
1601,Person and Vehicle search,51.512108,-0.097973,2022,2,7,5,45,27
1602,Person search,51.517576,-0.079786,2022,2,7,6,20,10
1603,Person search,51.517576,-0.079786,2022,2,7,6,31,35
1604,Person search,51.517576,-0.079786,2022,2,7,6,41,58
1605,Person search,51.517576,-0.079786,2022,2,7,7,41,58
1608,Person and Vehicle search,51.516966,-0.1059,2022,2,11,1,51,0
1609,Person and Vehicle search,51.51792,-0.092628,2022,2,11,8,18,8
1610,Person search,51.50995,-0.078665,2022,2,11,9,57,26
1612,Person search,51.516855,-0.080234,2022,2,13,1,49,56
1614,Person search,51.508963,-0.073894,2022,2,15,3,30,11
1616,Person and Vehicle search,51.515866,-0.073675,2022,2,16,12,28,34
1617,Person search,51.518864,-0.097562,2022,2,17,9,9,15
1618,Person search,51.514627,-0.072156,2022,2,18,1,27,7
1620,Person and Vehicle search,51.516351,-0.082965,2022,2,19,6,46,0
1622,Person and Vehicle search,51.512147,-0.092077,2022,2,22,12,32,30
1625,Person search,51.512598,-0.084967,2022,2,26,2,37,1
1626,Person search,51.51637,-0.081912,2022,2,26,5,56,19
1630,Person search,51.517058,-0.083296,2022,3,2,2,54,11
1631,Person search,51.516814,-0.08162,2022,3,3,4,40,50
1634,Person and Vehicle search,51.512598,-0.084967,2022,3,5,4,4,16
1636,Person search,51.504848,-0.090033,2022,3,6,3,51,24
1637,Person search,51.504848,-0.090033,2022,3,6,7,24,19
1639,Person search,51.516814,-0.08162,2022,3,7,12,2,15
1640,Person search,51.50995,-0.078665,2022,3,8,12,57,33
1642,Person and Vehicle search,51.512598,-0.084967,2022,3,10,2,28,11
1643,Person search,51.512598,-0.084967,2022,3,10,5,53,26
1644,Person search,51.516233,-0.077392,2022,3,10,6,17,50
1647,Person search,51.516351,-0.082965,2022,3,11,5,16,57
1649,Person search,51.514203,-0.094628,2022,3,11,8,53,26
1650,Person and Vehicle search,51.52181,-0.097929,2022,3,11,9,1,52
1651,Person and Vehicle search,51.52181,-0.097929,2022,3,12,9,44,19
1652,Person search,51.513297,-0.101959,2022,3,13,12,14,31
1653,Person search,51.511616,-0.086551,2022,3,14,4,40,18
1657,Person search,51.516814,-0.08162,2022,3,16,5,35,10
1659,Person search,51.511165,-0.100822,2022,3,17,4,39,57
1661,Person search,51.510913,-0.101395,2022,3,17,6,22,37
1662,Person search,51.518511,-0.08531,2022,3,18,6,1,8
1663,Person and Vehicle search,51.522233,-0.107382,2022,3,19,2,18,45
1665,Person search,51.517431,-0.082458,2022,3,22,7,9,17
1666,Person search,51.518189,-0.082628,2022,3,22,7,58,26
1667,Person search,51.517431,-0.082458,2022,3,22,8,53,30
1668,Person and Vehicle search,51.521463,-0.107054,2022,3,23,6,6,5
1675,Person and Vehicle search,51.515307,-0.097277,2022,3,26,8,43,0
1676,Person and Vehicle search,51.515307,-0.097277,2022,3,26,8,59,32
1677,Person search,51.514763,-0.075508,2022,3,29,0,3,46
1679,Person search,51.50932,-0.084701,2022,3,30,4,47,11
1680,Person search,51.509344,-0.080665,2022,3,30,5,11,41
1683,Person search,51.510786,-0.068816,2022,4,1,17,46,46
1684,Person search,51.517032,-0.089451,2022,4,1,21,7,38
1685,Person search,51.510651,-0.080322,2022,4,2,4,55,10
1686,Person search,51.511611,-0.080728,2022,4,2,4,58,51
1687,Person search,51.510651,-0.080322,2022,4,2,6,17,55
1688,Person search,51.511118,-0.090203,2022,4,2,11,10,25
1689,Person search,51.517576,-0.079786,2022,4,3,15,53,29
1690,Person search,51.516855,-0.080234,2022,4,4,3,26,32
1691,Person search,51.516855,-0.080234,2022,4,4,3,38,2
1693,Person search,51.512462,-0.076095,2022,4,4,14,9,38
1695,Person and Vehicle search,51.50995,-0.078665,2022,4,6,2,20,17
1696,Person and Vehicle search,51.50995,-0.078665,2022,4,6,2,29,54
1698,Person search,51.510182,-0.092865,2022,4,8,7,36,8
1700,Person search,51.517431,-0.082458,2022,4,12,7,12,47
1701,Person search,51.517431,-0.082458,2022,4,13,3,29,45
1702,Person search,51.512462,-0.076095,2022,4,13,20,31,1
1703,Person search,51.513389,-0.080034,2022,4,14,1,55,21
1704,Person search,51.51768,-0.078484,2022,4,14,13,29,33
1705,Person search,51.512959,-0.094464,2022,4,14,19,22,48
1706,Person search,51.513581,-0.108418,2022,4,20,4,26,43
1707,Person search,51.509775,-0.085014,2022,4,20,15,15,40
1708,Person search,51.518511,-0.08531,2022,4,20,15,39,51
1710,Person search,51.5193,-0.093969,2022,4,21,18,11,17
1711,Person search,51.510671,-0.084284,2022,4,21,19,37,5
1712,Person and Vehicle search,51.510671,-0.084284,2022,4,21,19,44,41
1713,Person search,51.515033,-0.07825,2022,4,21,20,30,55
1716,Person search,51.512598,-0.084967,2022,4,22,20,34,10
1717,Person and Vehicle search,51.508066,-0.08778,2022,4,23,5,32,9
1720,Person search,51.513769,-0.076833,2022,4,26,1,18,43
1723,Person search,51.508066,-0.08778,2022,4,27,3,14,6
1724,Person and Vehicle search,51.51442,-0.09472,2022,4,27,4,57,10
1725,Person and Vehicle search,51.51442,-0.09472,2022,4,27,5,2,25
1726,Person and Vehicle search,51.51442,-0.09472,2022,4,27,5,9,37
1727,Person and Vehicle search,51.51442,-0.09472,2022,4,27,5,13,27
1728,Person and Vehicle search,51.508066,-0.08778,2022,4,27,5,22,28
1729,Person and Vehicle search,51.509876,-0.086278,2022,4,27,5,43,58
1730,Person search,51.517297,-0.102412,2022,4,27,11,44,12
1731,Person search,51.517297,-0.102412,2022,4,27,11,46,56
1733,Person search,51.514158,-0.100179,2022,4,27,20,43,8
1735,Person and Vehicle search,51.525787,-0.105865,2022,4,29,18,57,18
1736,Person and Vehicle search,51.5075,-0.095542,2022,4,30,18,42,58
1737,Person and Vehicle search,51.509414,-0.093791,2022,4,30,19,13,30
1744,Person search,51.515504,-0.07627,2022,5,6,1,54,8
1745,Person search,51.515504,-0.07627,2022,5,6,1,54,8
1746,Person and Vehicle search,51.514151,-0.074958,2022,5,6,13,21,51
1747,Person and Vehicle search,51.514151,-0.074958,2022,5,6,13,21,51
1748,Person search,51.517244,-0.080376,2022,5,6,17,3,49
1749,Person search,51.517244,-0.080376,2022,5,6,17,3,49
1750,Person search,51.516814,-0.08162,2022,5,6,21,19,44
1751,Person search,51.516814,-0.08162,2022,5,6,21,19,44
1752,Person search,51.511749,-0.108018,2022,5,7,19,6,21
1753,Person search,51.511749,-0.108018,2022,5,7,19,6,21
1760,Person and Vehicle search,51.51972,-0.099933,2022,5,11,17,25,9
1761,Person and Vehicle search,51.51972,-0.099933,2022,5,11,17,25,9
1772,Person search,51.516386,-0.108965,2022,5,16,14,38,10
1773,Person search,51.516386,-0.108965,2022,5,16,14,38,10
1776,Person and Vehicle search,51.513928,-0.108231,2022,5,17,14,45,39
1777,Person and Vehicle search,51.513928,-0.108231,2022,5,17,14,45,39
1778,Person search,51.517576,-0.079786,2022,5,19,7,41,58
1779,Person search,51.517576,-0.079786,2022,5,19,7,41,58
1780,Person search,51.514158,-0.100179,2022,5,19,14,39,26
1781,Person search,51.514158,-0.100179,2022,5,19,14,39,26
1782,Person and Vehicle search,51.508066,-0.08778,2022,5,19,18,16,22
1783,Person and Vehicle search,51.508066,-0.08778,2022,5,19,18,16,22
1786,Person and Vehicle search,51.516386,-0.108965,2022,5,20,10,38,29
1787,Person and Vehicle search,51.516386,-0.108965,2022,5,20,10,38,29
1788,Person and Vehicle search,51.517231,-0.079613,2022,5,20,16,9,14
1789,Person and Vehicle search,51.517231,-0.079613,2022,5,20,16,9,14
1790,Person and Vehicle search,51.516347,-0.104887,2022,5,21,4,32,21
1791,Person and Vehicle search,51.516347,-0.104887,2022,5,21,4,32,21
1794,Person search,51.516814,-0.08162,2022,5,24,18,13,48
1795,Person search,51.516814,-0.08162,2022,5,24,18,13,48
1798,Person search,51.513114,-0.086272,2022,5,26,23,26,41
1799,Person search,51.513114,-0.086272,2022,5,26,23,26,41
1800,Person search,51.516386,-0.108965,2022,5,27,7,11,58
1801,Person search,51.516386,-0.108965,2022,5,27,7,11,58
1802,Person and Vehicle search,51.513114,-0.086272,2022,5,27,17,7,41
1803,Person and Vehicle search,51.513114,-0.086272,2022,5,27,17,7,41
1806,Person and Vehicle search,51.516497,-0.094115,2022,5,30,17,21,27
1807,Person and Vehicle search,51.516497,-0.094115,2022,5,30,17,21,27
1808,Person and Vehicle search,51.516497,-0.094115,2022,5,30,17,46,24
1809,Person and Vehicle search,51.516497,-0.094115,2022,5,30,17,46,24
1810,Person search,51.512135,-0.078127,2022,5,30,20,42,29
1811,Person search,51.512135,-0.078127,2022,5,30,20,42,29
1812,Person and Vehicle search,51.518433,-0.078856,2022,5,30,22,40,56
1813,Person and Vehicle search,51.518433,-0.078856,2022,5,30,22,40,56
1814,Person and Vehicle search,51.510182,-0.092865,2022,5,31,22,9,40
1815,Person and Vehicle search,51.510182,-0.092865,2022,5,31,22,9,40
1816,Person and Vehicle search,51.510182,-0.092865,2022,5,31,22,12,8
1817,Person and Vehicle search,51.510182,-0.092865,2022,5,31,22,12,8
1818,Person and Vehicle search,51.523053,-0.108631,2022,6,2,2,17,48
1821,Person search,51.515033,-0.07825,2022,6,3,4,21,50
1823,Person and Vehicle search,51.51265,-0.101452,2022,6,5,5,16,57
1824,Person search,51.51265,-0.101452,2022,6,5,13,2,59
1825,Person and Vehicle search,51.516966,-0.1059,2022,6,5,23,49,28
1826,Person search,51.520985,-0.078749,2022,6,7,0,5,59
1827,Person and Vehicle search,51.515196,-0.071772,2022,6,7,8,40,22
1828,Person and Vehicle search,51.516814,-0.08162,2022,6,7,8,44,7
1830,Person and Vehicle search,51.520985,-0.078749,2022,6,8,14,59,43
1831,Person and Vehicle search,51.525655,-0.090517,2022,6,8,23,9,57
1834,Person search,51.516814,-0.08162,2022,6,10,13,30,3
1836,Person and Vehicle search,51.515728,-0.078393,2022,6,11,21,25,20
1839,Person and Vehicle search,51.510651,-0.080322,2022,6,14,16,37,52
1840,Person and Vehicle search,51.506338,-0.088227,2022,6,16,20,46,3
1842,Person search,51.51868,-0.085173,2022,6,18,7,16,14
1843,Person search,51.515031,-0.100748,2022,6,20,13,4,38
1844,Person search,51.515621,-0.085086,2022,6,20,19,59,29
1846,Person search,51.509344,-0.080665,2022,6,22,2,29,37
1847,Person search,51.520678,-0.080318,2022,6,24,3,15,57
1849,Person search,51.51868,-0.085173,2022,6,24,22,3,25
1850,Person and Vehicle search,51.515033,-0.07825,2022,6,25,1,40,29
1851,Person search,51.515033,-0.07825,2022,6,25,6,51,25
1853,Person search,51.513447,-0.093493,2022,6,27,16,43,31
1856,Person and Vehicle search,51.512598,-0.084967,2022,6,30,6,31,21
1857,Person and Vehicle search,51.514158,-0.100179,2022,6,30,16,29,25
1859,Person search,51.517785,-0.079907,2022,7,1,9,30,47
1860,Person search,51.517656,-0.077563,2022,7,1,14,22,46
1861,Person search,51.515894,-0.075922,2022,7,1,21,15,10
1862,Person search,51.515894,-0.075922,2022,7,1,21,19,3
1864,Person search,51.517785,-0.079907,2022,7,3,18,5,3
1866,Person search,51.514627,-0.072156,2022,7,6,15,54,3
1867,Person search,51.513813,-0.073531,2022,7,6,16,47,19
1868,Person search,51.5131,-0.072542,2022,7,6,18,8,7
1869,Person search,51.513874,-0.096501,2022,7,7,15,57,40
1870,Person and Vehicle search,51.5131,-0.072542,2022,7,9,2,50,35
1871,Person search,51.514267,-0.079838,2022,7,10,1,44,46
1872,Person search,51.516212,-0.078849,2022,7,10,2,55,22
1873,Person and Vehicle search,51.51477,-0.101292,2022,7,10,3,51,30
1874,Person search,51.514267,-0.079838,2022,7,10,4,15,18
1877,Person and Vehicle search,51.503329,-0.091725,2022,7,13,2,26,3
1880,Person search,51.519119,-0.056615,2022,7,14,4,34,39
1882,Person and Vehicle search,51.513712,-0.104276,2022,7,14,18,13,34
1884,Person and Vehicle search,51.517102,-0.088785,2022,7,15,17,59,21
1885,Person search,51.517102,-0.088785,2022,7,15,18,3,15
1887,Person and Vehicle search,51.510725,-0.084844,2022,7,16,8,29,13
1890,Person and Vehicle search,51.511794,-0.101906,2022,7,20,12,49,54
1891,Person and Vehicle search,51.510836,-0.097176,2022,7,20,15,57,13
1892,Person search,51.513911,-0.102726,2022,7,20,17,48,26
1894,Person search,51.50882,-0.081091,2022,7,22,23,44,25
1895,Person search,51.50882,-0.081091,2022,7,23,0,20,31
1896,Person and Vehicle search,51.5131,-0.072542,2022,7,23,19,21,22
1897,Person search,51.517656,-0.077563,2022,7,26,14,34,35
1898,Person search,51.515812,-0.077511,2022,7,26,16,40,28
1899,Person search,51.513874,-0.096501,2022,7,27,3,45,29
1906,Person search,51.516271,-0.092971,2022,7,28,18,54,27
1907,Person search,51.516271,-0.092971,2022,7,28,18,59,6
1908,Person search,51.518692,-0.081512,2022,7,28,22,24,17
1911,Person and Vehicle search,51.511794,-0.101906,2022,7,31,6,29,26
1912,Person search,51.513079,-0.09407,2022,8,3,21,29,19
1913,Person search,51.513079,-0.09407,2022,8,3,22,10,32
1914,Person search,51.518093,-0.078424,2022,8,5,10,25,8
1916,Person and Vehicle search,51.517239,-0.106076,2022,8,6,19,13,15
1917,Person search,51.517296,-0.081902,2022,8,7,1,34,39
1918,Person and Vehicle search,51.509872,-0.092633,2022,8,7,8,7,20
1923,Person search,51.509872,-0.092633,2022,8,10,1,49,5
1925,Person search,51.518692,-0.081512,2022,8,10,11,51,3
1926,Person search,51.514924,-0.074925,2022,8,11,6,39,33
1927,Person search,51.513736,-0.095224,2022,8,11,18,35,48
1928,Person search,51.513736,-0.095224,2022,8,11,18,39,32
1929,Person search,51.513736,-0.095224,2022,8,11,21,38,2
1930,Person and Vehicle search,51.513209,-0.0949,2022,8,12,19,52,49
1931,Person and Vehicle search,51.511794,-0.101906,2022,8,12,20,55,26
1932,Person and Vehicle search,51.517687,-0.112111,2022,8,13,5,43,3
1933,Person and Vehicle search,51.506722,-0.088586,2022,8,13,23,7,38
1934,Person search,51.516869,-0.081113,2022,8,14,0,8,33
1935,Person and Vehicle search,51.517296,-0.081902,2022,8,14,7,23,26
1936,Person search,51.511884,-0.108027,2022,8,14,20,23,44
1937,Person and Vehicle search,51.511196,-0.079521,2022,8,15,7,45,58
1938,Person search,51.513666,-0.078278,2022,8,17,17,18,30
1942,Person search,51.517296,-0.081902,2022,8,19,22,31,37
1943,Person search,51.516869,-0.081113,2022,8,20,0,43,9
1944,Person search,51.518692,-0.081512,2022,8,20,4,54,45
1947,Person search,51.51777,-0.078495,2022,8,20,14,56,58
1948,Person and Vehicle search,51.519689,-0.098017,2022,8,20,20,48,29
1949,Person search,51.519689,-0.098017,2022,8,20,21,44,46
1950,Person search,51.517785,-0.079907,2022,8,21,0,47,38
1951,Person search,51.517785,-0.079907,2022,8,21,0,47,38
1952,Person search,51.517785,-0.079907,2022,8,21,0,47,38
1954,Person and Vehicle search,51.513209,-0.0949,2022,8,23,21,17,58
1955,Person search,51.513631,-0.086019,2022,8,25,5,51,34
1956,Person and Vehicle search,51.51277,-0.118367,2022,8,26,20,12,22
1957,Person and Vehicle search,51.511896,-0.09154,2022,8,27,8,9,52
1958,Person search,51.511896,-0.09154,2022,8,27,9,9,12
1959,Person and Vehicle search,51.510761,-0.101963,2022,8,29,13,39,0
1960,Person and Vehicle search,51.510761,-0.101963,2022,8,29,13,46,12
1961,Person and Vehicle search,51.511037,-0.096274,2022,8,30,1,30,31
1962,Person and Vehicle search,51.511037,-0.096274,2022,8,30,1,31,35
1964,Person search,51.518281,-0.111596,2022,9,1,2,5,54
1965,Person search,51.517846,-0.109164,2022,9,1,2,12,9
1966,Person search,51.517846,-0.109164,2022,9,1,2,26,42
1967,Person and Vehicle search,51.515178,-0.076716,2022,9,1,3,8,7
1968,Person and Vehicle search,51.51844,-0.078755,2022,9,1,21,5,20
1969,Person search,51.515383,-0.078783,2022,9,2,4,1,16
1970,Person and Vehicle search,51.515383,-0.078783,2022,9,2,5,18,15
1971,Person search,51.515383,-0.078783,2022,9,2,5,36,44
1972,Person search,51.515383,-0.078783,2022,9,2,20,19,12
1973,Person search,51.515383,-0.078783,2022,9,2,21,3,39
1974,Person and Vehicle search,51.516869,-0.081113,2022,9,3,3,42,52
1979,Person search,51.516869,-0.081113,2022,9,5,13,1,39
1982,Person and Vehicle search,51.515225,-0.069709,2022,9,9,5,8,17
1986,Person and Vehicle search,51.511794,-0.101906,2022,9,11,0,17,29
1989,Person search,51.516869,-0.081113,2022,9,18,1,31,45
1991,Person and Vehicle search,51.516271,-0.092971,2022,9,20,18,12,48
1992,Person and Vehicle search,51.516271,-0.092971,2022,9,20,18,48,52
1993,Person and Vehicle search,51.517461,-0.089808,2022,9,20,19,54,54
1994,Person search,51.517461,-0.089808,2022,9,21,0,4,7
1996,Person search,51.512066,-0.074483,2022,9,22,4,14,47
1998,Person and Vehicle search,51.511896,-0.09154,2022,9,23,17,59,28
2002,Person search,51.516271,-0.092971,2022,9,27,18,20,33
2003,Person search,51.513079,-0.09407,2022,9,30,7,10,17
2005,Person and Vehicle search,51.517461,-0.089808,2022,9,30,18,27,30
2006,Person search,51.517239,-0.106076,2022,10,1,17,47,31
2007,Person and Vehicle search,51.512549,-0.095764,2022,10,3,0,28,6
2008,Person search,51.516271,-0.092971,2022,10,3,18,12,41
2009,Person search,51.517369,-0.094655,2022,10,3,22,59,2
2010,Person search,51.509744,-0.089208,2022,10,4,4,32,51
2015,Person and Vehicle search,51.512658,-0.092531,2022,10,6,21,13,0
2020,Person and Vehicle search,51.512105,-0.085089,2022,10,14,19,37,45
2021,Person search,51.520551,-0.0985,2022,10,15,3,27,33
2029,Person search,51.517785,-0.079907,2022,10,17,17,42,48
2030,Person search,51.517785,-0.079907,2022,10,17,18,0,29
2031,Person search,51.517785,-0.079907,2022,10,17,20,48,17
2032,Person and Vehicle search,51.511794,-0.101906,2022,10,19,16,37,13
2033,Person and Vehicle search,51.513813,-0.073531,2022,10,20,5,58,14
2038,Person search,51.516271,-0.076425,2022,10,24,4,55,50
2039,Person and Vehicle search,51.516271,-0.076425,2022,10,24,5,10,15
2040,Person and Vehicle search,51.511896,-0.09154,2022,10,24,22,20,51
2041,Person search,51.517332,-0.098519,2022,10,26,17,52,4
2042,Person search,51.514267,-0.079838,2022,10,28,0,26,13
2044,Person and Vehicle search,51.514267,-0.079838,2022,10,28,14,29,33
2045,Person and Vehicle search,51.517461,-0.089808,2022,10,28,20,1,1
2046,Person search,51.520455,-0.078757,2022,10,29,2,34,6
2047,Person and Vehicle search,51.520455,-0.078757,2022,10,29,2,39,38
2048,Person and Vehicle search,51.520455,-0.078757,2022,10,29,5,32,9
2049,Person and Vehicle search,51.520455,-0.078757,2022,10,29,5,43,44
2050,Person search,51.511332,-0.077959,2022,10,29,16,21,43
2051,Person search,51.511332,-0.077959,2022,10,29,17,28,2
2057,Person search,51.516103,-0.089822,2022,11,3,21,52,30
2058,Person search,51.510864,-0.089479,2022,11,4,3,22,10
2059,Person and Vehicle search,51.510864,-0.089479,2022,11,4,6,9,35
2060,Person and Vehicle search,51.510864,-0.089479,2022,11,4,6,38,9
2061,Person and Vehicle search,51.510864,-0.089479,2022,11,4,6,40,6
2062,Person and Vehicle search,51.516271,-0.092971,2022,11,4,15,19,43
2063,Person search,51.516271,-0.092971,2022,11,4,15,25,52
2064,Person search,51.511759,-0.076038,2022,11,5,1,52,49
2066,Person search,51.511965,-0.075453,2022,11,9,5,44,50
2067,Person and Vehicle search,51.511965,-0.075453,2022,11,9,7,14,56
2068,Person and Vehicle search,51.527173,-0.080478,2022,11,9,16,57,11
2071,Person and Vehicle search,51.513631,-0.086019,2022,11,12,3,17,7
2072,Person and Vehicle search,51.51477,-0.101292,2022,11,14,8,2,3
2073,Person and Vehicle search,51.510725,-0.084844,2022,11,16,23,17,55
2075,Person and Vehicle search,51.515178,-0.076716,2022,11,18,1,39,48
2076,Person and Vehicle search,51.515178,-0.076716,2022,11,18,2,58,9
2077,Person search,51.517051,-0.102812,2022,11,18,19,23,46
2078,Person search,51.517051,-0.102812,2022,11,18,19,41,39
2079,Person and Vehicle search,51.517461,-0.089808,2022,11,18,20,7,37
2080,Person and Vehicle search,51.51277,-0.118367,2022,11,19,3,10,56
2083,Person and Vehicle search,51.511794,-0.101906,2022,11,22,4,5,33
2084,Person search,51.508312,-0.079138,2022,11,22,18,25,57
2085,Person and Vehicle search,51.517461,-0.089808,2022,11,23,5,55,22
2086,Person search,51.519045,-0.097078,2022,11,23,19,7,30
2087,Person and Vehicle search,51.519045,-0.097078,2022,11,24,13,16,19
2088,Person search,51.513631,-0.086019,2022,11,24,16,1,19
2091,Person and Vehicle search,51.51277,-0.118367,2022,11,26,21,42,6
2092,Person search,51.518461,-0.097103,2022,11,27,0,46,46
